Title,Artist,Album,Status,Match Path
Whole Wide World,A'me Lorain,1990 Top 100,NOT_FOUND,
Work - Navic Hard Bootleg (Dirty),A$AP Ferg,,MATCH,/Users/patrickmoniqui/Music/MUSIQUE/A$AP Ferg - Work - Navic Hard Bootleg (Dirty).mp3
Back And Forth (Remix),Aaliyah,,NOT_FOUND,
If Your Girl Only Knew,Aaliyah,,NOT_FOUND,
At Your Best (You Are Love),Aaliyah,,NOT_FOUND,
I Miss You,Aaron Hall,,NOT_FOUND,
Everybody Plays The Fool,Aaron Neville,,NOT_FOUND,
Highway to Hell,ACDC,?,MATCH,/Users/patrickmoniqui/Music/MUSIQUE/The Best Of 80's Hits/AC-DC - Highway To Hell.mp3
The Sign,Ace of Base,,NOT_FOUND,
All That She Wants,Ace Of Base,,NOT_FOUND,
Don't Turn Around,Ace Of Base,,NOT_FOUND,
All That She Wants,Ace Of Base,,NOT_FOUND,
Beautiful Life,Ace Of Base,,NOT_FOUND,
Whataya You Want From Me,Adam Lamber,Electro House (31.01.2010),MATCH,/Users/patrickmoniqui/Music/MUSIQUE/Whataya You Want From Me.mp3
Freak Like Me,Adina Howard,,NOT_FOUND,
What It Takes,Aerosmith,1990 Top 100,NOT_FOUND,
Janie's Got A Gun,Aerosmith,,NOT_FOUND,
Crazy,Aerosmith,,NOT_FOUND,
Amazing,Aerosmith,,NOT_FOUND,
Livin' On The Edge,Aerosmith,,NOT_FOUND,
Musician (Gamble Remix),Afrojack,URBANMUSiCDAiLY.NET,MATCH,/Users/patrickmoniqui/Music/MUSIQUE/Afrojack - Musician (Gamble Remix).mp3
'Till U Do Me Right,After 7,Billboard Hits - 1995 - Disk 5,NOT_FOUND,
Ready Or Not,After 7,1990 Top 100,NOT_FOUND,
Can't Stop,After 7,1990 Top 100,NOT_FOUND,
Back In The Day,Ahmad,,NOT_FOUND,
Boomerang (Prod. by DJ Felli Fel),Akon feat. Pitbull & Jermaine Dupri,,MATCH,/Users/patrickmoniqui/Music/MUSIQUE/Boomerang (Prod. by DJ Felli Fel) - Akon feat. Pitbull &amp; Jermaine Dupri.mp3
Ironic,Alanis Morisette,,NOT_FOUND,
You Learn,Alanis Morissette,,NOT_FOUND,
You Oughta Know,Alanis Morissette,,NOT_FOUND,
Black Velvet,Alannah Myles,1990 Top 100,NOT_FOUND,
REMEDY (Intro),Alesso,,NOT_FOUND,
Years,Alesso feat Matthew Koma -,Clubland Vol. 2,MATCH,/Users/patrickmoniqui/Music/MUSIQUE/MC Mario/Clubland Vol.2/MC Mario - Clubland Vol. 2 - 01 - Alesso feat Matthew Koma - Years.mp3
On Leur A Fait Croire (Dj Smoke Overdub Club Mix),Alex Nevsky,,NOT_FOUND,
Mr. Saxobeat,Alexandra Stan,,MULTIPLE_MATCHES,
Better Off Runaway Alone U & I Working Otis Hard (SoundMan Club Hitter),Alice Deejay vs. Galantis,,NOT_FOUND,
Roll It Gal Vs. Wine & Kotch (Moneykey Mashup),Alison Hinds,,NOT_FOUND,
I Swear,All-4-One,,NOT_FOUND,
I Can Love You Like That,All-4-One,,NOT_FOUND,
So Much In Love,All-4-One,,NOT_FOUND,
All Cried Out,Allure Featuring 112,,NOT_FOUND,
This Is Your Night,Amber,,NOT_FOUND,
Good For Me,Amy Grant,Heart in Motion,NOT_FOUND,
Thats What Love Is For,Amy Grant,Heart in Motion,NOT_FOUND,
I Will Remember You,Amy Grant,Heart in Motion,NOT_FOUND,
Baby Baby,Amy Grant,1991 Top 100,NOT_FOUND,
Every Heartbeat,Amy Grant,1991 Top 100,NOT_FOUND,
No More 'I Love You's',Annie Lennox,,NOT_FOUND,
Iesha,Another Bad Creation,1991 Top 100,NOT_FOUND,
Intro You (3LAU Remix) [DJ Moneykey Club Edit],Ariana Grande,,NOT_FOUND,
Another You (feat. Mr. Probz)  (Extended ),Armin van Buuren,,MATCH,/Users/patrickmoniqui/Music/MUSIQUE/Armin_van_Buuren_ft._Mr._Probz-Another_You-Extended_-128.mp3
Another You (feat. Mr. Probz)  (Mark Sixma Radio Edit ),Armin van Buuren,,MATCH,/Users/patrickmoniqui/Music/MUSIQUE/Armin_van_Buuren_ft._Mr._Probz-Another_You-Mark_Sixma_Radio_Edit_-128.mp3
Ping Pong Tremor,Armin Van Buuren Vs. Martin Garrix & Dimitri Vegas & Like Mike,,MATCH,/Users/patrickmoniqui/Music/MUSIQUE/Ping Pong Tremor (Deviz Bang & Edshock Edit).mp3
Tennessee,Arrested Development,Living in the 90'S -- Disk 1,NOT_FOUND,
Mr. Wendal,Arrested Development,,NOT_FOUND,
Masterpiece,Atlantic Starr,1992 Top 100,NOT_FOUND,
Wake Me Up (Merengue Remix),Avicii,,NOT_FOUND,
Sun Is Shining (Album Version),Axwell /\ Ingrosso,,NOT_FOUND,
Together (Julien Creance WMC Remix),Axwell & Ingrosso,www.livingelectro.com,MATCH,/Users/patrickmoniqui/Music/MUSIQUE/Axwell & Ingrosso - Together (Julien Creance WMC Remix).mp3
Sugar Hill,AZ The Visualiza,Billboard Hits - 1995 - Disk 5,NOT_FOUND,
Last Night (From Nutty Professor Soundtrack),Az Yet,,NOT_FOUND,
Hard To Say I'm Sorry,Az Yet With Peter Cetera,,NOT_FOUND,
Roam,B-52's,,NOT_FOUND,
Nothing On You,B.o.B Feat. Bruno Mars,RNBXCLUSIVE 2009,MATCH,/Users/patrickmoniqui/Music/MUSIQUE/Nothing On You.mp3
Beast Mode (DJ Kue Remix),B.o.B.,,MATCH,/Users/patrickmoniqui/Music/MUSIQUE/Beast Mode (DJ Kue Remix).mp3
Harlem Shake (Original Mix),Baauer,Harlem Shake,MATCH,/Users/patrickmoniqui/Music/MUSIQUE/07_Baauer_-_Harlem_Shake_(Original_Mix).mp3
Whip Appeal,Babyface,1990 Top 100,NOT_FOUND,
Every Time I Close My Eyes,Babyface,,NOT_FOUND,
When Can I See You Again,Babyface,,NOT_FOUND,
Never Keeping Secrets,Babyface,,NOT_FOUND,
And Our Feelings,Babyface,,NOT_FOUND,
Quit Playing Games (With My Heart),Backstreet Boys,,NOT_FOUND,
Everybody (Milk & Cookies VIP Remix),Backstreet Boys,,NOT_FOUND,
Price Of Love,Bad English,Bad English,NOT_FOUND,
Fast Lane,Bad Meets Evil ft. Eminem,,MATCH,/Users/patrickmoniqui/Music/MUSIQUE/Fast Lane Bad Meets Evil ft. Eminem.mp3
I Finally Found Someone,Barbra Streisand & Bryan Adams,1997,NOT_FOUND,
Live Tonight,Basto,Summer Session 11,MATCH,/Users/patrickmoniqui/Music/MUSIQUE/Dan Desnoyers/Summer Session 11/06 Live Tonight.mp3
Keep On Temperature (Dj Cosmic Bootleg),Basto vs. Sean Paul,,NOT_FOUND,
Loser,Beck,,NOT_FOUND,
Back It Up (Dj Cosmic Short XTD),Beenie Man,,NOT_FOUND,
Do Me,Bell Biv DeVoe,,NOT_FOUND,
Benny Benassi-Satisfaction(Acapella),Benny Benassi,,NOT_FOUND,
Satisfaction (Acapella),Benny Benassi,,NOT_FOUND,
From A Distance,Bette Midler,1991 Top 100,NOT_FOUND,
Good,Better Than Ezra,,NOT_FOUND,
Drunk In Love (WILLY WILLIAM BOOTLEG),BEYONCE,,NOT_FOUND,
Baby I Love Your Way,Big Mountain,Reality Bites,NOT_FOUND,
IDFWU 'I Don't Fuck With You' (DJ Intro's) (DJ Intro Dirty),Big Sean ft. E-40,,MATCH,/Users/patrickmoniqui/Music/MUSIQUE/Big_Sean_ft._E_40-IDFWU__I_Don_t_Fuck_With_You___DJ_Intro_s_-DJ_Intro_Dirty-98.mp3
Cradle Of Love (Remastered),Billy Idol,Greatest Hits,NOT_FOUND,
Say Goodbye To Hollywood,Billy Joel,Songs In The Attic [Live],NOT_FOUND,
The River of Dreams,Billy Joel,50 Years of the Piano Man,NOT_FOUND,
I Go to Extremes (Audio),Billy Joel,,NOT_FOUND,
We Didn't Start the Fire,Billy Joel,,NOT_FOUND,
Everybody Everybody,Black Box,,NOT_FOUND,
Strike It Up,Black Box,,NOT_FOUND,
Before I Let You Go,Blackstreet,Billboard Hits - 1995 - Disk 4,NOT_FOUND,
No Diggity,Blackstreet,,NOT_FOUND,
No Diggity,BLACKstreet Featuring Dr. Dre,,NOT_FOUND,
Snake (Original Mix)www.livingelectro.com,Blasterjaxx,,MATCH,/Users/patrickmoniqui/Music/MUSIQUE/Blasterjaxx - Snake (Original Mix)www.livingelectro.com.mp3
I Believe,Blessid Union Of Souls,,NOT_FOUND,
Run-Around,Blues Traveler,,NOT_FOUND,
Hook,Blues Traveler,,NOT_FOUND,
Toune De Bière (Martell Edit),Bob Bissonnette x Serj Elnitz & Michael Feiner,,NOT_FOUND,
Far l'Amore,Bob Sinclair & Raffaella Carra,Summer Session 11,MATCH,/Users/patrickmoniqui/Music/MUSIQUE/Dan Desnoyers/Summer Session 11/02 Far l'Amore.mp3
Rock This Party,Bob Sinclar,,NOT_FOUND,
Humpin' Around,Bobby Brown,Living in the 90'S -- Disk 1,NOT_FOUND,
Good Enough,Bobby Brown,,NOT_FOUND,
Closer To Free,Bodeans,,NOT_FOUND,
Ronda Rousey (Original Mix),Bombs Away,,NOT_FOUND,
You Give Love A Bad Name,Bon Jovi,Greatest Hits,NOT_FOUND,
It's My Life,Bon Jovi,Greatest Hits,NOT_FOUND,
I'll Be There For You,Bon Jovi,Greatest Hits,NOT_FOUND,
Bed Of Roses,Bon Jovi,Greatest Hits,NOT_FOUND,
Always,Bon Jovi,Greatest Hits,NOT_FOUND,
Blaze Of Glory,Bon Jovi,1990 Top 100,NOT_FOUND,
Always,Bon Jovi,,NOT_FOUND,
This Ain't A Love Song,Bon Jovi,,NOT_FOUND,
Always,Bon Jovi,,NOT_FOUND,
Bed of Roses,Bon Jovi,,NOT_FOUND,
1st Of Tha Month,Bone Thugs N Harmony,Billboard Hits - 1995 - Disk 5,NOT_FOUND,
Look Into My Eyes,Bone Thugs N Harmony,1997,NOT_FOUND,
Crossroads,Bone Thugs N Harmony,,NOT_FOUND,
Something To Talk About,Bonnie Raitt,1991 Top 100,NOT_FOUND,
Love Sneakin' Up On You,Bonnie Raitt,,NOT_FOUND,
I Can't Make You Love Me,Bonnie Raitt,,NOT_FOUND,
Break The House (Original Mix),Borgeous & Tony Junior,,NOT_FOUND,
Sweet Dreams,La Bouche,,NOT_FOUND,
That's What Love Can Do,Boy Krazy,,NOT_FOUND,
I'll Make Love To You,Boyz II Men,Billboard Hits - 1995 - Disk 4,NOT_FOUND,
Motownphilly,Boyz II Men,1991 Top 100,NOT_FOUND,
End Of The Road,Boyz II Men,,NOT_FOUND,
I'll Make Love To You,Boyz II Men,,NOT_FOUND,
On Bended Knee,Boyz II Men,,NOT_FOUND,
In The Still Of The Night,Boyz II Men,,NOT_FOUND,
Water Runs Dry,Boyz II Men,,NOT_FOUND,
4 Seasons Of Loneliness,Boyz II Men,,NOT_FOUND,
It's So Hard To Say Goodbye To Yesterday,Boyz II Men,,NOT_FOUND,
Uhh Ahh,Boyz II Men,,NOT_FOUND,
Thank You,Boyz II Men,,NOT_FOUND,
Baby,Brandy,Billboard Hits - 1995 - Disk 4,NOT_FOUND,
I Wanna Be Down,Brandy,Billboard Hits - 1995 - Disk 4,NOT_FOUND,
Broken Hearted,Brandy,Billboard Hits - 1995 - Disk 5,NOT_FOUND,
Best Friend,Brandy,Billboard Hits - 1995 - Disk 6,NOT_FOUND,
Sittin' Up In My Room,Brandy,,NOT_FOUND,
I Wanna Be Down,Brandy,,NOT_FOUND,
One Last Cry,Brian McKnight,,NOT_FOUND,
I Wanna Go (Martin & Souza Club Mix),Britney Spears,www.livingelectro.com,MATCH,/Users/patrickmoniqui/Music/MUSIQUE/Britney Spears - I Wanna Go (Martin & Souza Club Mix) www.livingelectro.com.mp3
Gimme More (Dj Cosmic XTD Reggaeton 2),Britney Spears feat. Dance-O-Die,,NOT_FOUND,
If You Love Me,Brownstone,,NOT_FOUND,
Streets Of Philadelphia,Bruce Springsteen,,NOT_FOUND,
Locked Out Of Heaven (Sultan & Ned Shepard Remix) COSMIC REBUILD,Bruno Mars,,NOT_FOUND,
24K Magic (Cristian Tomas Extended Remix) MASTER,Bruno Mars,,NOT_FOUND,
Please Forgive Me,Bryan Adams,So Far So Good,NOT_FOUND,
Do I Have To Say The Words,Bryan Adams,So Far So Good,NOT_FOUND,
Can't Stop This Thing We Started,Bryan Adams,1991 Top 100,NOT_FOUND,
Have You Ever Really Loved A Woman,Bryan Adams,,NOT_FOUND,
Thought I'd Died And Gone To Heaven,Bryan Adams,,NOT_FOUND,
(Everything I Do) I Do It For You,Bryan Adams,,NOT_FOUND,
All For Love,"Bryan Adams, Sting & Rod Stewart",,NOT_FOUND,
Differentology (Major Lazer Remix) (SoundMan Club Hitter),Bunji Garlin,,NOT_FOUND,
Everything Remains Raw,Busta Rhymes,,NOT_FOUND,
Gonna Make You Sweat (Everybody Dance Now),C & C Music Factory,1991 Top 100,NOT_FOUND,
"Here We Go, Let's Rock & Roll",C & C Music Factory,1991 Top 100,NOT_FOUND,
Things That Make You Go Hmmmm,C & C Music Factory,1991 Top 100,NOT_FOUND,
Teach me how to dougie,California Swag District,www.djyellow.com,MATCH,/Users/patrickmoniqui/Music/MUSIQUE/California Swag District - Teach me how to dougie.mp3
I Wanna Be Rich,Calloway,1990 Top 100,NOT_FOUND,
Blame Acapella,Calvin Harris,,NOT_FOUND,
Blame Acapella,Calvin Harris,,NOT_FOUND,
Outside (SoundMan Club Hitter),Calvin Harris,,NOT_FOUND,
Summer (Bombs Away Remix),Calvin Harris,,NOT_FOUND,
Summer Acapella,Calvin Harris,,NOT_FOUND,
We'll Be Coming Back (SoundMan Quick Hitter),Calvin Harris,,NOT_FOUND,
How Deep Is Your Love (Single Version),Calvin Harris & Disciples,,MATCH,/Users/patrickmoniqui/Music/MUSIQUE/Calvin_Harris___Disciples-How_Deep_Is_Your_Love-Single_Version-122.mp3
Sweet Nothing (SoundMan Quick Intro),Calvin Harris Feat. Florence Welch,,NOT_FOUND,
Blame (Acapella),Calvin Harris feat. John Newman,,NOT_FOUND,
More And More,Captain Hollywood Project,,NOT_FOUND,
Toca (Original Mix),Carnage feat. Timmy Trumpet & KSHMR,drunkenbeat.net,NOT_FOUND,
"Touch Me, Tease Me",Case Featuring Foxy Brown,,NOT_FOUND,
Touch Me (All Night Long),Cathy Dennis,1991 Top 100,NOT_FOUND,
Too Many Walls,Cathy Dennis,,NOT_FOUND,
Just Another Dream,Cathy Dennis,,NOT_FOUND,
Finally,CeCe Peniston,Living in the 90'S -- Disk 1,NOT_FOUND,
Keep On Walkin',CeCe Peniston,,NOT_FOUND,
We Got A Love Thang,CeCe Peniston,,NOT_FOUND,
Beauty And The Beast (Duet With Peabo Bryson),Celine Dion,My Love-Ultimate Essential Collection,NOT_FOUND,
The Power Of Love,Celine Dion,The very best of,NOT_FOUND,
Where Does My Heart Beat Now,Celine Dion,1991 Top 100,NOT_FOUND,
If You Asked Me To,Celine Dion,1992 Top 100,NOT_FOUND,
Because You Loved Me,Celine Dion,,NOT_FOUND,
It's All Coming Back To Me Now,Celine Dion,,NOT_FOUND,
All By Myself,Celine Dion,,NOT_FOUND,
It's All Coming Back To Me Now,Celine Dion,,NOT_FOUND,
G.H.E.T.T.O.U.T,Changing Faces,1997,NOT_FOUND,
Stroke You Up,Changing Faces,,NOT_FOUND,
Would I Like To You,Charles & Eddie,20 Ans RTL 2,NOT_FOUND,
Wine & Kotch instrumental,Charly Black and J Capri,,NOT_FOUND,
Just Like Jesse James,Cher,,NOT_FOUND,
The One And Only,Chesney Hawkes,,NOT_FOUND,
What Kind Of Man Would I Be (Remix),Chicago,Greatest Hits 1982-1989,NOT_FOUND,
Wicked Game,Chris Isaak,1991 Top 100,NOT_FOUND,
Who Is Ready To Jump (Chuckie Jump Around Bootleg),Chuckie,,NOT_FOUND,
In Da Club,"Clyde Carson, Sean Kingston and The Game",In Da Club Single,MATCH,/Users/patrickmoniqui/Music/MUSIQUE/In Da Club.mp3
Shine,Collective Soul,,NOT_FOUND,
December,Collective Soul,,NOT_FOUND,
The World I Know,Collective Soul,,NOT_FOUND,
I Wanna Sex You Up,Color Me Badd,,NOT_FOUND,
All 4 Love,Color Me Badd,,NOT_FOUND,
I Adore Mi Amor,Color Me Badd,,NOT_FOUND,
"The Earth, The Sun, The Rain",Color Me Badd,,NOT_FOUND,
Slow Motion,Color Me Badd,,NOT_FOUND,
Thinkin' Back,Color Me Badd,,NOT_FOUND,
Gangstas Paradise,Coolio,,NOT_FOUND,
"1, 2, 3, 4 (Sumpin' New)",Coolio,,NOT_FOUND,
Gangsta's Paradise,Coolio & LV,Billboard Hits - 1995 - Disk 1,NOT_FOUND,
Temptation,Corina,1991 Top 100,NOT_FOUND,
We Can't Go Wrong,Cover Girls,1990 Top 100,NOT_FOUND,
Wishing On A Star,Cover Girls,,NOT_FOUND,
Flava In Ya Ear,Craig Mack,,NOT_FOUND,
Linger,Cranberries,,NOT_FOUND,
Mmm Mmm Mmm Mmm,Crash Test Dummies,,NOT_FOUND,
Give Into The Bass (Remix),Crew Ft. Dirty Impact & Funkytunerockers,,MATCH,/Users/patrickmoniqui/Music/MUSIQUE/Crew-Give Into The Bass (Dirty Impact & Funkytunerockers Remix).wmv.mp3
ENGLISHMAN IN NEW YORK (Willy William Club Mix),CRIS CAB ft. WILLY WILLIAM,,NOT_FOUND,
Hay,Crucial Conflict,,NOT_FOUND,
100% Pure Love (32 Intro),Crystal Waters,,NOT_FOUND,
100% Pure Love (32 Intro),Crystal Waters,,NOT_FOUND,
Mr Vain,Culture Beat,,NOT_FOUND,
Friday I'm In Love,Cure,,NOT_FOUND,
I Don't Believe It,Cutty Ranks,"Singles Pack ""05/31/2014"" - [www.dancehallzone.net]",NOT_FOUND,
Insane In The Brain,Cypress Hill,,NOT_FOUND,
C'mon And Get My Love,D-Mob & Cathy Dennis,1990 Top 100,NOT_FOUND,
Detonate (Original Mix),D-wayne & Leon Bolier,,MATCH,/Users/patrickmoniqui/Music/MUSIQUE/D-wayne & Leon Bolier - Detonate (Original Mix) www.livingelectro.com.mp3
Brown Sugar,D'Angelo,Billboard Hits - 1995 - Disk 5,NOT_FOUND,
Lady,D'angelo,,NOT_FOUND,
Give It 2 You,Da Brat,Billboard Hits - 1995 - Disk 6,NOT_FOUND,
Funkdafied,Da Brat,,NOT_FOUND,
Forgot About Touch It Rave (Bloodtone x Kronic & Dimatik x Glowinthedark Bootleg),"Dada Life, Daft Punk, Fat Boy Slim x Dr. Dre & Eminem",Facebook.com/bloodtone // Soundcloud.com/bloodtone,MATCH,/Users/patrickmoniqui/Music/MUSIQUE/Forgot About Touch It Rave (Bloodtone x Kronic & Dimatik x Glowinthedark Bootleg).mp3
High Enough,Damn Yankees,1991 Top 100,NOT_FOUND,
5 O'Clock,Dan D-Noy,Summer Session 11,MATCH,/Users/patrickmoniqui/Music/MUSIQUE/Dan Desnoyers/Summer Session 11/07 5 O'Clock.mp3
House Mix 2007,Dance Club Remixes,,MATCH,/Users/patrickmoniqui/Music/MUSIQUE/House Mix 2007.mp3
Talk It Out,Danielle D.I. & Tiana,"Singles Pack ""05/31/2014"" - [www.dancehallzone.net]",NOT_FOUND,
They Want EFX,Das EFX,,NOT_FOUND,
Dash Berlin & Syzz - This Is Who We Are (Club Mix)[www.livingelectro.com],Dash Berlin & Syzz,,NOT_FOUND,
(MASTER) All Night (Dj Moneykey Remix),David Franco,,NOT_FOUND,
All Night (Dj Cosmic Club Mix),David Franco feat. FiNk,,NOT_FOUND,
Little Bad Girl (Instrumental Version),David Guetta,Nothing But The Beat (CD2),NOT_FOUND,
Metro Music,David Guetta,Nothing But The Beat (CD2),NOT_FOUND,
Toy Story,David Guetta,Nothing But The Beat (CD2),NOT_FOUND,
The Future,David Guetta,Nothing But The Beat (CD2),NOT_FOUND,
Dreams,David Guetta,Nothing But The Beat (CD2),NOT_FOUND,
Glasgow,David Guetta,Nothing But The Beat (CD2),NOT_FOUND,
Paris,David Guetta,Nothing But The Beat (CD2),NOT_FOUND,
Hey Mama (Acapella Clean),David Guetta & Afrojack ft. Nicki Minaj,,MATCH,/Users/patrickmoniqui/Music/MUSIQUE/David_Guetta___Afrojack_ft._Nicki_Minaj-Hey_Mama-Acapella_Clean-92.mp3
BAD (Original Mix)www.livingelectro.com,David Guetta & Showtek feat. Vassy,,MATCH,/Users/patrickmoniqui/Music/MUSIQUE/David Guetta & Showtek feat. Vassy - BAD (Original Mix)www.livingelectro.com.mp3
Dangerous (Banging SoundMan Club Hitter),David Guetta Feat Sam Martin,,NOT_FOUND,
Dangerous (Banging SoundMan Quick Hitter),David Guetta Feat Sam Martin,,NOT_FOUND,
Sexy Bitch (Dj Cosmic CLEAN Club Mix) vs. Chuckie Remix,David Guetta feat. Akon,,NOT_FOUND,
Who's That Chick (Afrojack Dub Remix),David Guetta ft Rihanna,,MATCH,/Users/patrickmoniqui/Music/MUSIQUE/David Guetta ft Rihanna   Who s That Chick (Afrojack Dub Remix) [HD].mp3
Memories,David Guetta ft. Kid CuDi,One Love,MATCH,/Users/patrickmoniqui/Music/MUSIQUE/Memories.mp3
Choose,David Guetta Ft. Ne-Yo & Kelly Rowland,One More Love (CD1),MATCH,/Users/patrickmoniqui/Music/MUSIQUE/David Guetta/One More Love/CD1/108 - David Guetta - Choose (Ft. Ne-Yo & Kelly Rowland).mp3
Missing You,David Guetta ft. Novel,One Love,MATCH,/Users/patrickmoniqui/Music/MUSIQUE/Missing You.mp3
Titanium (Official Instrumental),David Guetta ft. Sia,,NOT_FOUND,
I Wanna Go Crazy,David Guetta ft. Will I Am,Summer Session 11,MATCH,/Users/patrickmoniqui/Music/MUSIQUE/Dan Desnoyers/Summer Session 11/08 I Wanna Go Crazy.mp3
BAD (DJ SoundMan Quick Hitter),David Guetta Showtek Feat Vassy,,NOT_FOUND,
Sun Goes Down (Extended Mix),"David Guetta, Showtek feat. Magic! & Sonny Wilson",,NOT_FOUND,
Venus vs. Mars,"David Latour, Hi-Mode & Narco",Summer Session 11,MATCH,/Users/patrickmoniqui/Music/MUSIQUE/Dan Desnoyers/Summer Session 11/14 Venus vs. Mars.mp3
Some Chords,Deadmau5,4x4=12 (Deluxe Version),MULTIPLE_MATCHES,
G6 N Stuff (Inphinity Bootleg),Deadmau5 vs. Far East Movement ft. Dev & Cataracs,Inphinity Bootleg,MATCH,/Users/patrickmoniqui/Music/MUSIQUE/G6 N Stuff (Inphinity Bootleg) 2.mp3
Who Do U Love,Deborah Cox,,NOT_FOUND,
Groove Is In The Heart,Dee-Lite,,NOT_FOUND,
Breakfast At Tiffany's,Deep Blue Something,,NOT_FOUND,
Have You Ever Needed Someone So Bad,Def Leppard,Adrenalize,NOT_FOUND,
Let's Get Rocked,Def Leppard,Adrenalize,NOT_FOUND,
Two Steps Behind,Def Leppard,Vault - Greatest Hits 1980-199,NOT_FOUND,
Roll To Me,Del Amitri,Billboard Hits - 1995 - Disk 4,NOT_FOUND,
Shuri Shuri (Dj Cosmic Bodybangers Hype Rebuild),Denis Naidanow feat. Juan Magan,,NOT_FOUND,
Five Hours (Cosmic Rebuild),Deorro,,NOT_FOUND,
Red Lips (Original Mix) (feat. Pasha),Deorro,Elevation EP,MATCH,/Users/patrickmoniqui/Music/MUSIQUE/Deorro/Elevation (EP)/02 Red Lips (Original Mix) (feat. Pasha).mp3
Cayendo (Original Mix) (feat. Tess Marie),Deorro,Elevation EP,MATCH,/Users/patrickmoniqui/Music/MUSIQUE/Deorro/Elevation (EP)/03 Cayendo (Original Mix) (feat. Tess Marie).mp3
Elevated (Original Mix) (feat. Erick Gold),Deorro,Elevation EP,MATCH,/Users/patrickmoniqui/Music/MUSIQUE/Deorro/Elevation (EP)/04 Elevated (Original Mix) (feat. Erick Gold).mp3
Queef (Original Mix) www.livingelectro.com,Deorro & Joel Fletcher,,MATCH,/Users/patrickmoniqui/Music/MUSIQUE/Deorro & Joel Fletcher - Queef (Original Mix) www.livingelectro.com.mp3
Enjoy The Silence,Depeche Mode,,NOT_FOUND,
You Gotta Be,Des'ree,,NOT_FOUND,
Shy Guy,Diana King,,NOT_FOUND,
5150 Call The Popo,Dierks Bentley,,MATCH,/Users/patrickmoniqui/Music/MUSIQUE/Dierks Bentley 5-1-5-0.mp3
Rebirth Of Slick (Cool Like Dat),Digable Planets,1993 Top 100,NOT_FOUND,
Cognac (Martell Edit),Digi-Boyz x Plume x Bassjackers,,NOT_FOUND,
Higher Place (Bassjackers remix) vs. Wave Your Hands,Dimitri Vegas & Like Mike,,NOT_FOUND,
NOVA (Original Mix),Dimitri Vegas & Like Mike & Tujamo & Felguk,,NOT_FOUND,
G.I.P.S.Y. (Original Mix),Dimitri Vegas & Like Mike vs Boostedkids,,NOT_FOUND,
Dimitri Vegas & Like Mike vs. Ummet Ozcan - The Hum (Original Mix)www.livingelectro.com,Dimitri Vegas & Like Mike vs. Ummet Ozcan,,NOT_FOUND,
Melody (DJ Moneykey Edit),Dimitri Vegas and Like Mike,,NOT_FOUND,
The Hum (DJ SoundMan Quick Hitter),Dimitri Vegas Like Mike ft Ummet Ozcan,,NOT_FOUND,
Tremor - Dynamiq Hype Edit,"Dimitri Vegas, Martin Garrix and Like Mike",Tremor,MATCH,"/Users/patrickmoniqui/Music/MUSIQUE/Dimitri Vegas, Like Mike, & Martin Garrix - Tremor - Dynamiq Hype Edit.mp3"
Tremor (Drop Dopers Deep Bootleg),"Dimitri Vegas, Martin Garrix, Like Mike",,NOT_FOUND,
Ooh Child,Dino,1993 Top 100,NOT_FOUND,
Romeo,Dino,,NOT_FOUND,
I Know,Dionne Farris,,NOT_FOUND,
Tom's Diner,Dirty Impact vs Royal XTC,Summer Session 11,MATCH,/Users/patrickmoniqui/Music/MUSIQUE/Dan Desnoyers/Summer Session 11/12 Tom's Diner.mp3
Counting Blue Cars,Dishwalla,,NOT_FOUND,
I Touch Myself,Divinyls,Living In The 90's - Disk 2,NOT_FOUND,
Ma Cherie (Remay Radio Edit),DJ Antoine ft The Beat Shakers,,MATCH,/Users/patrickmoniqui/Music/MUSIQUE/DJ Antoine ft The Beat Shakers Ma Cherie (Remay Radio Edit).mp3
Can You Feel It (Deep House Remix),DJ Ariana Gomez,,NOT_FOUND,
Electro House 2010 (WICKED MIX),DJ BL3ND,,MATCH,/Users/patrickmoniqui/Music/MUSIQUE/Electro House 2010 (WICKED MIX).mp3
Electro House 2011 (SWAGGA MIX),DJ BL3ND,,MATCH,/Users/patrickmoniqui/Music/MUSIQUE/(SWAGGA MIX) DJ BL3ND.mp3
Electro House 2011 (EN3RGY MIX),DJ BL3ND,,MATCH,/Users/patrickmoniqui/Music/MUSIQUE/Cosmic 4 Pat/(EN3RGY MIX) DJ BL3ND.mp3
Let The Bass Kick In Miami (Dj Cosmic Blend),Dj Chuckie,,NOT_FOUND,
Blu Sky Holiday (Extended Mix),DJ F.R.A.N.K featuring Craig Smart,,NOT_FOUND,
Summertime,DJ Jazzy & The Fresh Prince,1991 Top 100,NOT_FOUND,
We Taking Over,"DJ Khaled Feat. T.I., Akon, Rick Ross, Baby, Lil Wayne",,MATCH,/Users/patrickmoniqui/Music/MUSIQUE/We Taking Over.mp3
Latin Injection (Dj Cosmic Rebuild),Dj Silence,,MATCH,/Users/patrickmoniqui/Music/MUSIQUE/Cosmic 4 Pat/Dj Silence - Latin Injection (Dj Cosmic Rebuild).mp3
Latin Injection (Cosmic vs. Asino Remix Hype Rebuild),Dj Silenco,,NOT_FOUND,
Turn Down For What Vs. Deez Nutz,DJ Snake,,NOT_FOUND,
Turn Down For What Vs. Deez Nutz,DJ SNAKE ft LIL JON,,NOT_FOUND,
Electro House Bass (Original Mix),DJ Solovey,June 2009 - Best 150 Club & Party Music - DG-Lito!,MATCH,/Users/patrickmoniqui/Music/MUSIQUE/Electro House Bass (Original Mix).mp3
Catchin' Up,DJ Solovey,www.livingelectro.com,MATCH,/Users/patrickmoniqui/Music/MUSIQUE/Catchin' Up.mp3
Dance Techno Rave Happy Hardcore Bonkers,"DJ Tiesto, Happy Hardcore, Better Off Alone Vs Zombie Nation",,MATCH,/Users/patrickmoniqui/Music/MUSIQUE/Dance Techno Rave Happy Hardcore Bonkers.mp3
Party Rock Anthem 2011 ( Club Remix ),DJ Veleno,,MATCH,/Users/patrickmoniqui/Music/MUSIQUE/Party Rock Anthem 2011 ( Club Remix ).mp3
Po Pimp,Do Or Die,,NOT_FOUND,
Ghetto Jam,Domino,,NOT_FOUND,
I Love You Always Forever,Donna Lewis,20 Ans RTL 2,NOT_FOUND,
I Love You Always Forever,Donna Lewis,,NOT_FOUND,
Dre Day,Dr Dre And Snoop Doggy Dogg,,NOT_FOUND,
Keep Their Heads Ringin' (Friday Soundtrack),Dr. Dre,Billboard Hits - 1995 - Disk 4,NOT_FOUND,
Ain't Nothin But A G-Thang,Dr. Dre & Snoop Doggy Dogg,,NOT_FOUND,
Gangsta Lean,DRS,,NOT_FOUND,
In My Bed,Dru Hill,1997,NOT_FOUND,
Never Make A Promise,Dru Hill,1997,NOT_FOUND,
Ring Me (Legran & Alex Rosco Remix),Duck Sauce,,NOT_FOUND,
Dazzey Dukes,Duice,,NOT_FOUND,
Barely Breathing,Duncan Sheik,,NOT_FOUND,
Ordinary World,Duran Duran,,NOT_FOUND,
Come Undone,Duran Duran,,NOT_FOUND,
Maia (Original Mix) music-team.net,Dustycloud,,MATCH,/Users/patrickmoniqui/Music/MUSIQUE/Dustycloud  – Maia (Original Mix) music-team.net.mp3
DVBBS - Raveheart (Original Mix)www.livingelectro.com,DVBBS,,NOT_FOUND,
DVBBS - White Clouds (Original,DVBBS,,NOT_FOUND,
DVBBS - White Clouds (Original,DVBBS,,NOT_FOUND,
Raveheart (Original Mix),DVBBS,,MATCH,/Users/patrickmoniqui/Music/MUSIQUE/DVBBS-Raveheart-Original_Mix-128.mp3
White Clouds (Original,DVBBS,,NOT_FOUND,
Immortal (Original Mix) www.livingelectro.com(1),DVBBS & Tony Junior,,MATCH,/Users/patrickmoniqui/Music/MUSIQUE/DVBBS & Tony Junior - Immortal (Original Mix) www.livingelectro.com(1).mp3
Electric Avenue (2001 Remix),Eddy Grant,,NOT_FOUND,
Candle In The Wind (Diana),Elton John,,NOT_FOUND,
Something About The Way You Look Tonight,Elton John,,NOT_FOUND,
Can You Feel The Love Tonight (Roi Lion),Elton John,,NOT_FOUND,
The One,Elton John,,NOT_FOUND,
Believe,Elton John,,NOT_FOUND,
Unbelievable,EMF,Living in the 90's -- Disk 1,NOT_FOUND,
Lose Yourself,Eminem,,MULTIPLE_MATCHES,
Celebrate (Steve Aoki Remix),Empire of the Sun,URBANMUSiCDAiLY.NET,MATCH,/Users/patrickmoniqui/Music/MUSIQUE/Empire of the Sun - Celebrate (Steve Aoki Remix).mp3
Hold On,En Vogue,Best Of,NOT_FOUND,
Sadness,Enigma,1991 Top 100,NOT_FOUND,
Return To Innocence,Enigma,,NOT_FOUND,
Dirty Dancer (feat. Usher) (Hype Jones Club Mix),Enrique Iglesias,,MATCH,/Users/patrickmoniqui/Music/MUSIQUE/Enrique Iglesias - Dirty Dancer (feat. Usher) (Hype Jones Club Mix) www.livingelectro.com.mp3
Im A Freak (Cosmic vs. Cosmic Dawn Clean Remix),Enrique Iglesias feat. Pitbull,,NOT_FOUND,
Calabria (Dj Cosmic XTD 2),Enur feat. Natasja,,NOT_FOUND,
Calabria (Dj Cosmic XTD),Enur feat. Natasja,,NOT_FOUND,
Calabria 2014 (Cosmic vs. Krunk Remix),Enur feat. Natasja,,NOT_FOUND,
My Lovin' (You're Never Gonna Get It),EnVogue,Funky Divas,NOT_FOUND,
"Give It Up, Turn It Loose",EnVogue,Funky Divas,NOT_FOUND,
Free Your Mind,Envogue,Funky Divas,NOT_FOUND,
Giving Him Something He Can Feel,EnVogue,1992 Top 100,NOT_FOUND,
Don't Let Go (Love),EnVogue,,NOT_FOUND,
Always,Erasure,,NOT_FOUND,
I Don't Want Her - Trey Songz Remix (Intro - Dirty),Eric Bellinger ft. Trey Songz,,MATCH,/Users/patrickmoniqui/Music/MUSIQUE/Eric Bellinger - I Don't Want Her - Trey Songz Remix (Intro - Dirty).mp3
Tears In Heaven,Eric Clapton,,NOT_FOUND,
Change The World,Eric Clapton,,NOT_FOUND,
Miami Beach,Eric Tyrell & Roger Simon ft. Lana Gordon,Summer Session 11,MATCH,/Users/patrickmoniqui/Music/MUSIQUE/Dan Desnoyers/Summer Session 11/13 Miami Beach.mp3
I'll Be There,Escape Club,1991 Top 100,NOT_FOUND,
Stay,Eternal,,NOT_FOUND,
I'll Never Get Over You,Expose,,NOT_FOUND,
Hole Hearted,Extreme,1991 Top 100,NOT_FOUND,
More Than Words,Extreme,,NOT_FOUND,
You Used To Love Me,Faith Evans,Billboard Hits - 1995 - Disk 5,NOT_FOUND,
Soon As I Get Home,Faith Evans,,NOT_FOUND,
Epic,Faith No More,,NOT_FOUND,
Eat Sleep Rave Ping Pong (Gregori Klosman Fusion),Fatboy Slim and Riva Starr,,NOT_FOUND,
Fedde Le Grand & Patric La Funk - Take Me Home (Extended Mix) www.livingelectro.com,Fedde Le Grand & Patric La Funk,,NOT_FOUND,
Fedde Le Grand & Patric La Funk - Take Me Home (Extended Mix) www.livingelectro.com,Fedde Le Grand & Patric La Funk,,NOT_FOUND,
Babylon,"Fedo, Acmurri & Marchesini",Summer Session 11,MATCH,/Users/patrickmoniqui/Music/MUSIQUE/Dan Desnoyers/Summer Session 11/10 Babylon.mp3
"Feenixpawl, Project 46, BYNON, Melissa Ramsay - Home  (Original Mix) www.livingelectro.com","Feenixpawl, Project 46, BYNON, Melissa Ramsay",,NOT_FOUND,
Halo Disposition (Hardwell on air shoot out),Felix Leiter Edit,,NOT_FOUND,
679 (Dean-E-G House Remix),Fetty Wap,,NOT_FOUND,
Bazooka (Original Mix),Firebeatz,Bazooka,NOT_FOUND,
Love Of A Lifetime,Firehouse,1991 Top 100,NOT_FOUND,
When I Look Into Your Eyes,Firehouse,1992 Top 100,NOT_FOUND,
I Live My Life For You,Firehouse,,NOT_FOUND,
Flaremode - Friday (Original Mix) [www.livingelectro.com],Flaremode,Saturday EP,MATCH,/Users/patrickmoniqui/Music/MUSIQUE/Flaremode - Friday (Original Mix) [www.livingelectro.com].mp3
Right Round (Danny Rush Remix),Flo Rida,artMkiss 2011,MATCH,/Users/patrickmoniqui/Music/MUSIQUE/Flo Rida - Right Round (Danny Rush Remix) .mp3
I Cry,Flo Rida,Wild Ones,NOT_FOUND,
Right Round,Flo Rida,,MULTIPLE_MATCHES,
Flo Rida - Turn Around (M&S  &#39;For The Girls&#39; Extended Edit).-3,Flo Rida,,NOT_FOUND,
My House (125-100 Transition DJ Moneykey Edit),Flo Rida,,NOT_FOUND,
Low (Dj Cosmic XTD) 2,Flo-Rida feat. T-Pain & Dance-O-Die,,NOT_FOUND,
NightFalls,Forgotten Eden,Forgotten Eden,NOT_FOUND,
December 1963 (Oh What A Night),Four Seasons,,NOT_FOUND,
I'll Be,Foxy Brown & Jay Z,1997,NOT_FOUND,
MSV (Original Mix),Frank Caro & Alemany,MSV,NOT_FOUND,
Blackout,Franky Rizardo & Roul and,,NOT_FOUND,
Elements (Original Mix),Franky Rizardo & Roul And Doors,,NOT_FOUND,
Da' Dip,Freak Nasty,1997,NOT_FOUND,
Boom Shake The Room,Fresh Prince,,NOT_FOUND,
La Fuente - Selecta (Original Mix) www.livingelectro.com,La Fuente,,NOT_FOUND,
Dreams,Gabrielle,,NOT_FOUND,
Brand New King,Gage,"Singles Pack ""05/31/2014"" - [www.dancehallzone.net]",NOT_FOUND,
Runaway U & I (SoundMan Reconstruction Quick Hitter),Galantis,,NOT_FOUND,
I'll Take You There,General Public,,NOT_FOUND,
I Can't Dance,Genesis,,NOT_FOUND,
Hold On My Heart,Genesis,,NOT_FOUND,
No Son Of Mine,Genesis,,NOT_FOUND,
Too Funky,George Michael,Red Hot + Dance,NOT_FOUND,
Praying For Time,George Michael,1990 Top 100,NOT_FOUND,
Fast Love,George Michael,,NOT_FOUND,
Freedom 90,George Michael,,NOT_FOUND,
Don't Let The Sun Go Down On Me,George Michael & Elton John,1992 Top 100,NOT_FOUND,
Rico Suave,Gerardo,Living in the 90's -- Disk 1,NOT_FOUND,
My Boo,Ghost Town DJ's,,NOT_FOUND,
Follow You Down,Gin Blossoms,,NOT_FOUND,
Till I Hear It From You,Gin Blossoms,,NOT_FOUND,
Found Out About You,Gin Blossoms,,NOT_FOUND,
Hey Jealousy,Gin Blossoms,,NOT_FOUND,
Ooh Aah ... Just A Little Bit,Gina G,,NOT_FOUND,
She Ain't Worth It,Glenn Medeiros & Bobby Brown,,NOT_FOUND,
Turn The Beat Around (The Specialist),Gloria Estefan,Billboard Hits - 1995 - Disk 5,NOT_FOUND,
Coming Out Of The Dark,Gloria Estefan,1991 Top 100,NOT_FOUND,
Here We Are,Gloria Estefan,,NOT_FOUND,
King Of Wishful Thinking,Go West,Pretty Woman,NOT_FOUND,
Faithful,Go West,1993 Top 100,NOT_FOUND,
Name,Goo Goo Dolls,,NOT_FOUND,
I Just Wanna Live,Good Charlotte,,NOT_FOUND,
Somebody That I Used To Know,Goyte feat. Kimbra,,MATCH,/Users/patrickmoniqui/Music/MUSIQUE/Somebody That I Used To Know.mp3
Three Little Pigs,Green Jelly,,NOT_FOUND,
Get Sexy (English),Greg Parys,,MATCH,/Users/patrickmoniqui/Music/MUSIQUE/Greg Parys - Get Sexy [ The Sun Is Comin Up ].mp3
Why Don't We Just Fuck,Greg Parys,,MATCH,/Users/patrickmoniqui/Music/MUSIQUE/Greg Parys - Why Don t We Just Fuck.mp3
Tell Me,Groove Theory,Billboard Hits - 1995 - Disk 4,NOT_FOUND,
Tell Me,Groove Theory,,NOT_FOUND,
November Rain,Guns 'N Roses,,NOT_FOUND,
Sweet Child O' Mine,Guns N' Roses,Appetite For Destruction,NOT_FOUND,
Knockin' Da Boots,H-Town,,NOT_FOUND,
MmmBop,Hanson,,NOT_FOUND,
Spaceman Rocket (Kideo Vocal Reboot),Hardwell,,NOT_FOUND,
The Dance Floor Is Yours (Original Mix),Hardwell & W&W,,NOT_FOUND,
Get Down,Hardwell & W&W,,MATCH,/Users/patrickmoniqui/Music/MUSIQUE/Hardwell & W&W - Get Down.mp3
Get Get (Original Mix),Harry Romero,,MATCH,/Users/patrickmoniqui/Music/MUSIQUE/Harry_Romero-Get_Get-Original_Mix-124.mp3
Dharma (Crossnaders Remix),Headhunterz & KSHMR,,NOT_FOUND,
All I Wanna Do Is Make Love To You,Heart,1990 Top 100,NOT_FOUND,
Now That We've Found Love,Heavy D & The Boyz,1991 Top 100,NOT_FOUND,
Got Me Waiting,Heavy D And The Boyz,,NOT_FOUND,
Bop Gun,Heavy D And The Boyz,,NOT_FOUND,
Ass Up (Original Mix) www.livingelectro.com,Henry Fong x SCNDL,,MATCH,/Users/patrickmoniqui/Music/MUSIQUE/Henry Fong x SCNDL - Ass Up (Original Mix) www.livingelectro.com.mp3
I Like The Way (The Kissing Game),Hi-Five,,NOT_FOUND,
She's Playing Hard To Get,Hi-Five,,NOT_FOUND,
I Can't Wait Another Minute,Hi-Five,,NOT_FOUND,
Only Wanna Be With You,Hootie & The Blowfish,,NOT_FOUND,
Hold My Hand,Hootie And The Blowfish,,NOT_FOUND,
Let Her Cry,Hootie And The Blowfish,,NOT_FOUND,
Only Wanna Be With You,Hootie And The Blowfish,,NOT_FOUND,
Time,Hootie And The Blowfish,,NOT_FOUND,
Old Man And Me,Hootie And The Blowfish,,NOT_FOUND,
Open Your Mind (Dj Cosmic XTD Edit),Human Machine feat. Sweety I,,NOT_FOUND,
Check Yo Self,Ice Cube And DAS EFX,1993 Top 100,NOT_FOUND,
Fancy (Moneykey Intro 8Bars XTD),Iggy Azalea Ft. Charli XCX,,NOT_FOUND,
Constantly,Immature,Billboard Hits - 1995 - Disk 5,NOT_FOUND,
Never Lie,Immature,,NOT_FOUND,
Here Comes The Hotstepper,Ini Kamoze,,NOT_FOUND,
Here Comes The Hotstepper,Ini Kamoze,,NOT_FOUND,
Sweat (A La La La La Long),Inner Circle,,NOT_FOUND,
Disappear,INXS,,NOT_FOUND,
I Wanna Love You,Jade,1992 Top 100,NOT_FOUND,
Don't Walk Away,Jade,,NOT_FOUND,
Every Day Of The Week,Jade,,NOT_FOUND,
One Woman,Jade,,NOT_FOUND,
Lighthouse (Original Mix) www.livingelectro.com,"JAKKO, Steerner vs Klauss & Turino ft Paul Aiden",,MATCH,"/Users/patrickmoniqui/Music/MUSIQUE/JAKKO, Steerner vs Klauss & Turino ft Paul Aiden - Lighthouse (Original Mix) www.livingelectro.com.mp3"
I Don't Have The Heart,James Ingram,,NOT_FOUND,
Hold On,Jamie Walters,,NOT_FOUND,
Don't Wanna Fall In Love,Jane Child,,NOT_FOUND,
That's The Way Love Goes,Janet Jackson,Janet,NOT_FOUND,
Again,Janet Jackson,Janet,NOT_FOUND,
If (Remix),Janet Jackson,Janet,NOT_FOUND,
"Any Time, Any Place",Janet Jackson,Janet,NOT_FOUND,
Because Of Love,Janet Jackson,Janet,NOT_FOUND,
Again,Janet Jackson,Janet,NOT_FOUND,
Love Will Never Do (Without You),Janet Jackson,Rhythm Nation,NOT_FOUND,
Rhythm Nation,Janet Jackson,Rhythm Nation,NOT_FOUND,
Black Cat,Janet Jackson,Rhythm Nation,NOT_FOUND,
Alright,Janet Jackson,1990 Top 100,NOT_FOUND,
Come Back To Me,Janet Jackson,1990 Top 100,NOT_FOUND,
Runaway,Janet Jackson,,NOT_FOUND,
And On And On,Janet Jackson,,NOT_FOUND,
You Want This,Janet Jackson,,NOT_FOUND,
70's Love Groove,Janet Jackson,,NOT_FOUND,
Runaway,Janet Jackson,,NOT_FOUND,
Escapade,Janet Jackson,,NOT_FOUND,
Insensitive,Jann Arden,,NOT_FOUND,
Talk Dirty (Dj Cosmic Rebuild),Jason Derulo feat. Mr. Vegas,,NOT_FOUND,
Caliente (DJ Moneykey Edit),Jay Santos,,NOT_FOUND,
Empire State of Mind,Jay-Z ft. Alicia Keys,The Blueprint 3,MATCH,/Users/patrickmoniqui/Music/MUSIQUE/Empire State of Mind.mp3
The Right Kind Of Love,Jeremy Jordan,,NOT_FOUND,
"Real, Real, Real",Jesus Jones,Doubt,NOT_FOUND,
"Right Here, Right Now",Jesus Jones,1991 Top 100,NOT_FOUND,
Foolish Games,Jewel,Pieces of You,NOT_FOUND,
You Were Meant For Me,Jewel,Pieces of You,NOT_FOUND,
Who Will Save Your Soul,Jewel,,NOT_FOUND,
Parade 98 (Original Mix),Jewelz & Sparks,,NOT_FOUND,
I Can See Clearly Now,Jimmy Cliff,,NOT_FOUND,
Swing The Mood,Jive Bunny And The Mastermixers,1990 Top 100,NOT_FOUND,
We Are The Future,Joachim Garraud ft. Poet Name Life,Summer Session 11,MATCH,/Users/patrickmoniqui/Music/MUSIQUE/Dan Desnoyers/Summer Session 11/17 We Are The Future.mp3
One Of Us,Joan Osborne,,NOT_FOUND,
Freakin' You,Jodeci,Billboard Hits - 1995 - Disk 4,NOT_FOUND,
Lately,Jodeci,,NOT_FOUND,
Come And Talk To Me,Jodeci,,NOT_FOUND,
Cry For You,Jodeci,,NOT_FOUND,
Everything,Jody Watley,1990 Top 100,NOT_FOUND,
All The Things (Your Man Won't Do),Joe,,NOT_FOUND,
Live And Learn,Joe Public,1992 Top 100,NOT_FOUND,
Nothin' My Love Can't Fix,Joey Lawrence,,NOT_FOUND,
Key West Intermezzo,John Mellencamp,,NOT_FOUND,
Wild Night,John Mellencamp & Me'Shell Ndegeocello,,NOT_FOUND,
Rub You The Right Way,Johnny Gill,,NOT_FOUND,
Someone To Love,Jon B Featuring Babyface,,NOT_FOUND,
Just Another Day,Jon Secada,,NOT_FOUND,
If You Go,Jon Secada,,NOT_FOUND,
Do You Believe In Us,Jon Secada,,NOT_FOUND,
Angel,Jon Secada,,NOT_FOUND,
Beautiful In My Eyes,Joshua Kadison,,NOT_FOUND,
When You Love A Woman,Journey,,NOT_FOUND,
Don't Stop Believin' (MYNGA Remix),Journey,MYNGA Free Downloads,MATCH,/Users/patrickmoniqui/Music/MUSIQUE/Journey - Don't Stop Believin' (MYNGA Remix).mp3
JOYRYDE  NIGHT OWL RADIO,JOYRYDE,,NOT_FOUND,
Bailando Por El Mundo (Dj Cosmic Club Mix),Juan Magan Feat. Pitbull & El Cata,,NOT_FOUND,
Mafia Player's Anthem,Junior,Billboard Hits - 1995 - Disk 5,NOT_FOUND,
Get Money,Junior M.A.F.I.A,,NOT_FOUND,
Embarque ma belle,Kain,,NOT_FOUND,
Crunk (Afrojack Edit) www.livingelectro.com,Karim Mika & Daniel Forster -,,MATCH,/Users/patrickmoniqui/Music/MUSIQUE/Karim Mika & Daniel Forster - Crunk (Afrojack Edit) www.livingelectro.com.mp3
Romantic,Karyn White,Living in the 90's -- Disk 1,NOT_FOUND,
The Way I Feel About You,Karyn White,,NOT_FOUND,
Kaskade Ralvero & Alvita - Supa Woofa Empire (Alex Rosales Edit),Kaskade Ralvero & Alvita,,NOT_FOUND,
Everything Changes,Kathy Troccoli,,NOT_FOUND,
California Gurls,Katy Perry Ft. Snoop Dogg,California Gurls,MATCH,/Users/patrickmoniqui/Music/MUSIQUE/California Gurls.mp3
Your Love Is My Drug,Ke$ha,,MATCH,/Users/patrickmoniqui/Music/MUSIQUE/Your Love Is My Drug.mp3
Blah Blah Blah,Ke$ha ft. 3OH!3,Animal,MATCH,/Users/patrickmoniqui/Music/MUSIQUE/Blah Blah Blah.mp3
J'aimerais Trop (Dj Cosmic Rebuild),Keen V & Willy William,,NOT_FOUND,
Make You Sweat,Keith Sweat,1990 Top 100,NOT_FOUND,
I'll Give All My Love To You,Keith Sweat,1991 Top 100,NOT_FOUND,
Twisted,Keith Sweat,,NOT_FOUND,
Nobody,Keith Sweat,,NOT_FOUND,
Keep It Comin',Keith Sweat,,NOT_FOUND,
Nobody,Keith Sweat Featuring Athena Cage,,NOT_FOUND,
Forever In Love,Kenny G,,NOT_FOUND,
Drageløperen [Disc 06]: Track 24,Khaled Hosseini,Drageløperen,NOT_FOUND,
I'M NOT RICH (Willy William Remix),THE KING'S SON ft. BLACKO,,NOT_FOUND,
Forever,Kiss,1990 Top 100,NOT_FOUND,
Freak (Dj Cosmic Remix),Klaas feat. Estelle,,NOT_FOUND,
3 Am Eternal,KLF,1991 Top 100,NOT_FOUND,
Justified And Ancient,KLF & Tammy Wynette,Living in the 90'S - Disk 2,NOT_FOUND,
Knife Party - Begin Again (Original Mix) www.livingelectro.com,Knife Party,,NOT_FOUND,
Knife Party – Boss Mode www.livingelectro.com,Knife Party,,NOT_FOUND,
Konshens - Gal a Bubble (Major Lazer x Bro Safari x ETC!ETC! Remix),Konshens (Major Lazer x Bro Safari x ETC!ETC!),,NOT_FOUND,
Pull Up To Mi Bumper (Willy William Rework),Konshens & J Capri,,NOT_FOUND,
Tonit's Tha Night (Remix),Kris Kross,,NOT_FOUND,
Warm It Up,Kris Kross,,NOT_FOUND,
Alright,Kris Kross And Super Cat,1993 Top 100,NOT_FOUND,
Jump,Kriss Kross,,NOT_FOUND,
Leviathan (Original Mix) www.livingelectro.com,KSHMR,,NOT_FOUND,
Please Don't Go,KWS,,NOT_FOUND,
Tic-Tac-Toe,Kyper,1990 Top 100,NOT_FOUND,
Y'as Tu D'la Bière Icitte (1975),La Famille Soucy,,NOT_FOUND,
Selecta (Original Mix),La Fuente,,NOT_FOUND,
Nuff Gyal,Laden,"Singles Pack ""05/31/2014"" - [www.dancehallzone.net]",NOT_FOUND,
Bad Romance,Lady GaGa,The Fame,MATCH,/Users/patrickmoniqui/Music/MUSIQUE/Bad Romance.mp3
Just Dance (Dj Cosmic Remix),Lady Gaga,,NOT_FOUND,
Enter Telephone (Djs From Mars Club Remix),Lady Gaga ft Beyonce vs Metallica,www.djblaze.fw.hu,MATCH,/Users/patrickmoniqui/Music/MUSIQUE/Enter Telephone (Djs From Mars Club Remix).mp3
Go (Original Mix),Laidback Luke & Uberjakd,,NOT_FOUND,
Summertime Sadness (Cedric Gervais SoundMan Quick Hitter),Lana Del Rey,,NOT_FOUND,
Summertime Sadness (Kings Remix),Lana Del Rey,Kings Remixes,MATCH,/Users/patrickmoniqui/Music/MUSIQUE/summertime sadness (kings remix).mp3
Mission Impossible (Movie Theme SoundTrack),Larry Mullen & Adam Clayton,Jarretiere,NOT_FOUND,
Hey Hey Hey,Laurent Wery ft. Swiftkid,Summer Session 11,MATCH,/Users/patrickmoniqui/Music/MUSIQUE/Dan Desnoyers/Summer Session 11/11 Hey Hey Hey.mp3
How Do I Live,LeAnn Rimes,,NOT_FOUND,
It Ain't Over 'Til It's Over,Lenny Kravitz,1991 Top 100,NOT_FOUND,
Put Your Fucking Hands Up (Sample),Lil Jon,,NOT_FOUND,
Turn down for what (DJ M1 REMIX),Lil Jon,,NOT_FOUND,
Turn Down For What (Remix),Lil Jon Feat. DJ Snake vs Pitbull & Ludacris,Soundvor.ru,MATCH,/Users/patrickmoniqui/Music/MUSIQUE/Lil Jon Feat. DJ Snake vs Pitbull &amp; Ludacris - Turn Down For What (Remix) - Soundvor.ru [mp3clan.com].mp3
Old Town Road Remix (Intro),Lil Nas X ft. Billy Ray Cyrus,,MATCH,/Users/patrickmoniqui/Music/MUSIQUE/Lil Nas X - Old Town Road Remix (Intro).mp3
Not Tonight,Lil' Kim,,NOT_FOUND,
Don't Know Much,Linda Ronstadt & Aaron Neville,,NOT_FOUND,
Sending All My Love,Linear,,NOT_FOUND,
Stay,Lisa Loeb & Nine Stories,Reality Bites,NOT_FOUND,
All Around The World,Lisa Stansfield,,NOT_FOUND,
BEST Of ELECTRO 2010 VOL.2 (Mixed by FAST FOOT INC.),LIVINGELECTRO,www.livingelectro.com,MATCH,/Users/patrickmoniqui/Music/MUSIQUE/BEST Of ELECTRO 2010 VOL.2 (Mixed by FAST FOOT INC.).mp3
Around The Way Girl,LL Cool J,1991 Top 100,NOT_FOUND,
Hey Lover,LL Cool J,,NOT_FOUND,
Loungin',LL Cool J,,NOT_FOUND,
Doin' It,LL Cool J,,NOT_FOUND,
I've Been Thinking About You,Londonbeat,1991 Top 100,NOT_FOUND,
When Will The Bass Drop (Original Mix) www.livingelectro.com,Lonely Island feat Lil Jon & Sam F,,NOT_FOUND,
Lorde - Yellow Flicker Beat (2nd Room Remix),Lorde,,NOT_FOUND,
Yellow Flicker Beat (2nd Room Remix),Lorde,,NOT_FOUND,
Yellow FLicker Beat (2nd Room Remix) (Dj Moneykey Edit),Lorde,,NOT_FOUND,
Macarena(Bayside Boys Mix),Los Del Rio,,NOT_FOUND,
Macarena(Ariola),Los Del Rio,,NOT_FOUND,
Macarena - Billy The Kit Remix,Los Del Rio,,MATCH,/Users/patrickmoniqui/Music/MUSIQUE/Los Del Rio - Macarena - Billy The Kit Remix.mp3
Are you with me (DJ Moneykey Remix),Lost Frequencies,,NOT_FOUND,
Just Between You And Me,Lou Gramm,1990 Top 100,NOT_FOUND,
Love No More,Loud Luxury & anders,,MATCH,/Users/patrickmoniqui/Music/MUSIQUE/Loud Luxury & anders - Love No More.mp3
Hoopty (QC Version),Ludakid feat. Dynasty &Dj-Cosmic,,NOT_FOUND,
I Got 5 On It,Luniz,Billboard Hits - 1995 - Disk 2,NOT_FOUND,
Here And Now,Luther Vandross,1990 Top 100,NOT_FOUND,
Power Of Love/Love Power,Luther Vandross,1991 Top 100,NOT_FOUND,
The Best Things In Life Are Free,Luther Vandross & Janet Jackson,,NOT_FOUND,
Endless Love,Luther Vandross And Mariah Carey,,NOT_FOUND,
Wining Season (Dj Cosmic XTD),Machel Montano feat. Shaggy,,NOT_FOUND,
Don't Worry (Dj SoundMan Quick Hitter),Madcon Ft. Ray Dalton,,NOT_FOUND,
Take A Bow,Madonna,Bedtime Stories,NOT_FOUND,
Secret,Madonna,Bedtime Stories,NOT_FOUND,
Secret,Madonna,Billboard Hits - 1995 - Disk 4,NOT_FOUND,
Deeper And Deeper,Madonna,Erotica,NOT_FOUND,
Rain,Madonna,Erotica,NOT_FOUND,
Justify My Love,Madonna,Immaculate Collection,NOT_FOUND,
I'll Remember,Madonna,Something to Remember,NOT_FOUND,
Vogue,Madonna,1990 Top 100,NOT_FOUND,
This Used To Be My Playground,Madonna,1992 Top 100,NOT_FOUND,
You'll See,Madonna,,NOT_FOUND,
Premier Gaou (Dj Cosmic Remix),Magic System,,NOT_FOUND,
Up Jumps Da Boogie,Magoo & Timberland,1997,NOT_FOUND,
"Watch Out For This (Dimitri Vegas & Like Mike ""Tomorrowland"" Remix)",Major Lazer,URBANMUSiCDAiLY.NET,NOT_FOUND,
Come To Me (Willy William Edit),Major Lazer feat. Sean Paul,,NOT_FOUND,
Party Till We Die - DJ Primetyme Club Edit,MAKJ & Timmy Trumpet ft. Andrew W.K.,,MATCH,/Users/patrickmoniqui/Music/MUSIQUE/MAKJ & Timmy Trumpet - Party Till We Die - DJ Primetyme Club Edit.mp3
Vision Of Love,Mariah Carey,1990 Top 100,NOT_FOUND,
Someday,Mariah Carey,1991 Top 100,NOT_FOUND,
Love Takes Time,Mariah Carey,1991 Top 100,NOT_FOUND,
Can't Let Go,Mariah Carey,1992 Top 100,NOT_FOUND,
One Sweet Day,Mariah Carey,,NOT_FOUND,
Always Be My Baby,Mariah Carey,,NOT_FOUND,
Hero,Mariah Carey,,NOT_FOUND,
Fantasy,Mariah Carey,,NOT_FOUND,
Dream Lover,Mariah Carey,,NOT_FOUND,
I'll Be There,Mariah Carey,,NOT_FOUND,
Never Forget You,Mariah Carey,,NOT_FOUND,
Without You,Mariah Carey,,NOT_FOUND,
Emotions,Mariah Carey,,NOT_FOUND,
I Don't Wanna Cry,Mariah Carey,,NOT_FOUND,
Honey,Mariah Carey,,NOT_FOUND,
Make It Happen,Mariah Carey,,NOT_FOUND,
Anytime You Need A Friend,Mariah Carey,,NOT_FOUND,
Fantasy,Mariah Carey,,NOT_FOUND,
Love Takes Time,Mariah Carey,,NOT_FOUND,
Return Of The Mack,Mark Morrison,,NOT_FOUND,
Uptown Funk JNR V Bombs Away - CLX Remix,Mark Ronson ft Bruno Mars,,NOT_FOUND,
Good Vibrations,Marky Mark & The Funky Bunch,Living in the 90's -- Disk 1,NOT_FOUND,
Wildside,Marky Mark And The Funky Bunch,,NOT_FOUND,
Now That I've Found You,Martin Garrix feat. John & Michel,,MATCH,/Users/patrickmoniqui/Music/MUSIQUE/Martin Garrix feat. John & Michel - Now That I've Found You (Original Mix).mp3
In The House Of Stone And Light,Martin Page,,NOT_FOUND,
Love Is In The Air 1978,Martin Stevens,,NOT_FOUND,
Real Love,Mary J Blige,What's the 411 ?,NOT_FOUND,
Real Love,Mary J Blige,1992 Top 100,NOT_FOUND,
Not Gon' Cry,Mary J Blige,,NOT_FOUND,
Catch & Release (Deepend Remix),Matt Simons,ClapCrate.com,MATCH,/Users/patrickmoniqui/Music/MUSIQUE/Matt Simons - Catch & Release (Deepend Remix) [ClapCrate.com].mp3
Miss Fatty Riddim,Max Wallin',,MATCH,/Users/patrickmoniqui/Music/MUSIQUE/Max Wallin' - Miss Fatty Riddim.mp3
Close To You,Maxi Priest,,NOT_FOUND,
That Girl,Maxi Priest Shaggy,,NOT_FOUND,
Have You Seen Her,MC Hammer,1990 Top 100,NOT_FOUND,
U Can't Touch This,MC Hammer,1990 Top 100,NOT_FOUND,
Addams Groove,MC Hammer,,NOT_FOUND,
Cold Rock A Party,MC Lyte,1997,NOT_FOUND,
"Keep On, Keepin' On",MC Lyte & Xscape,,NOT_FOUND,
I Would Do Anything For Love (But I Won't Do That),Meat Loaf,,NOT_FOUND,
I Would Do Anything For Love (But I Won't Do That),Meat Loaf,,NOT_FOUND,
Rock And Roll Dreams Come Through,Meat Loaf,,NOT_FOUND,
Come To My Window,Melissa Etheridge,,NOT_FOUND,
I'm The Only One,Melissa Etheridge,,NOT_FOUND,
I Want To Come Over,Melissa Etheridge,,NOT_FOUND,
If I Wanted To,Melissa Etheridge,,NOT_FOUND,
Like The Way I Do,Melissa Etheridge,,NOT_FOUND,
I'm The Only One,Melissa Etheridge,,NOT_FOUND,
Mentirosa,Mellow Man Ace,1990 Top 100,NOT_FOUND,
Bitch,Merridith Brooks,,NOT_FOUND,
Mouth,Merril Bainbridge,,NOT_FOUND,
Mouth,Merril Bainbridge,,NOT_FOUND,
Enter Sandman (Remastered),Metallica,Metallica (Remastered Deluxe Box Set),NOT_FOUND,
Nothing Else Matters (Remastered),Metallica,Metallica (Remastered Deluxe Box Set),NOT_FOUND,
Until It Sleeps,Metallica,,NOT_FOUND,
I'll Be There For You,Method Man,,NOT_FOUND,
You're All I Need To Get By,Method Man & Mary J Blige,Billboard Hits - 1995 - Disk 4,NOT_FOUND,
How Am I Supposed To Live Without You,Michael Bolton,1990 Top 100,NOT_FOUND,
How Can We Be Lovers,Michael Bolton,1990 Top 100,NOT_FOUND,
When I'm Back On My Feet Again,Michael Bolton,1990 Top 100,NOT_FOUND,
Love Is A Wonderful Thing,Michael Bolton,1991 Top 100,NOT_FOUND,
"Time, Love And Tenderness",Michael Bolton,1991 Top 100,NOT_FOUND,
To Love Somebody,Michael Bolton,1993 Top 100,NOT_FOUND,
Said I Loved You . . . But I Lied,Michael Bolton,,NOT_FOUND,
When A Man Loves A Woman,Michael Bolton,,NOT_FOUND,
Missing You Now,Michael Bolton,,NOT_FOUND,
Black Or White,Michael Jackson,,NOT_FOUND,
Remember The Time,Michael Jackson,,NOT_FOUND,
You Are Not Alone,Michael Jackson,,NOT_FOUND,
Will You Be There,Michael Jackson,,NOT_FOUND,
In The Closet,Michael Jackson,,NOT_FOUND,
Scream Childhood (Free Willy 2),Michael Jackson & Janet Jackson,Billboard Hits - 1995 - Disk 4,NOT_FOUND,
Place In This World,Michael W Smith,1991 Top 100,NOT_FOUND,
J'Entend Frapper (Martell Edit),Michel Pagliaro x Florian Picasso,,NOT_FOUND,
Ai Si Eu Te Pego,Michel Teló,Ao Vivo,NOT_FOUND,
Ai Se Eu Te Pego (Dj Cosmic XTD),Michel Telo feat. Pitbull,,NOT_FOUND,
No More Lies,Michel'le,1990 Top 100,NOT_FOUND,
Blame It On The Rain,Milli Vanilli,1990 Top 100,NOT_FOUND,
All Or Nothing,Milli Vanilli,,NOT_FOUND,
Breakin' My Heart (Pretty Brown Eyes),Mint Condition,,NOT_FOUND,
Where You Wanna Go,Mischa Daniels ft. J-Son,Summer Session 11,MATCH,/Users/patrickmoniqui/Music/MUSIQUE/Dan Desnoyers/Summer Session 11/04 Where You Wanna Go.mp3
Private Island (Dj Cosmic XTD),Mohtorious feat. Jayvado,,NOT_FOUND,
He's Mine,Mokenstef,Billboard Hits - 1995 - Disk 4,NOT_FOUND,
Like This And Like That,Monica,Miss Thang,NOT_FOUND,
Why I Love You So Much,Monica,Miss Thang,NOT_FOUND,
Don't Take It Personal (Just One Of Dem Days),Monica,,NOT_FOUND,
For You I Will,Monica,,NOT_FOUND,
Before You Walk Out Of My Life,Monica,,NOT_FOUND,
Ain't Nobody,Monica,,NOT_FOUND,
This Is How We Do It,Montell Jordan,,NOT_FOUND,
Without You,Motley Crue,1990 Top 100,NOT_FOUND,
To Be with You,Mr Big,Living in the 90'S - Disk 2,NOT_FOUND,
Just Take My Heart,Mr Big,,NOT_FOUND,
Finally,Mr. Belt & Wezol,,NOT_FOUND,
Nuh Fight Over Man (Dj Cosmic XTD),Mr. Vegas,,NOT_FOUND,
My Jam (feat. Pitbull)  (Single Version),Mr. Vegas,,MATCH,/Users/patrickmoniqui/Music/MUSIQUE/Mr._Vegas-My_Jam__feat._Pitbull_-Single_Version-100.mp3
Tek Weh Yuh Self (Dj Cosmic XTD),Mr. Vegas feat. Lil Kim,,NOT_FOUND,
Party Tun Up (Persona De Magistris Remix) COSMIC CLUB MIX,Mr. Vegas feat. Sean Paul & Fatman Scoop,,NOT_FOUND,
I Miss You,N II U,Billboard Hits - 1995 - Disk 6,NOT_FOUND,
Back To The Hotel,N2Deep,,NOT_FOUND,
Automatic,Nari & Milani Present Pretty Pretty and Malik,Summer Session 11,MATCH,/Users/patrickmoniqui/Music/MUSIQUE/Dan Desnoyers/Summer Session 11/15 Automatic.mp3
Wonder,Natalie Merchant,,NOT_FOUND,
Carnival,Natalie Merchant,,NOT_FOUND,
Jealousy,Natalie Merchant,,NOT_FOUND,
Do Anything,Natural Selection And Niki Harris,1991 Top 100,NOT_FOUND,
Hip Hop Hooray,Naughty By Nature,,NOT_FOUND,
Love And Affection,Nelson,After The Rain,NOT_FOUND,
After The Rain,Nelson,1991 Top 100,NOT_FOUND,
I'm Still In Love With You,New Edition,,NOT_FOUND,
Hit Me Off,New Edition,,NOT_FOUND,
This One's For The Children,New Kids On The Block,1990 Top 100,NOT_FOUND,
Step By Step,New Kids On The Block,,NOT_FOUND,
Fuck her right in the pussy!,News Interruption -,,NOT_FOUND,
Truffle-Butter (Instrumental),Nicki Minaj Ft. Drake & Lil-Wayne,,NOT_FOUND,
Truffle Butter,Nicky,,NOT_FOUND,
Total Eclipse Of The Heart,Nikki French,,NOT_FOUND,
Just A Girl,No Doubt,,NOT_FOUND,
Where Do You Go,No Mercy,,NOT_FOUND,
Where Do You Go,No Mercy,,NOT_FOUND,
On jase de toi,Noir Silence,,NOT_FOUND,
"Mo Money, Mo Problems",Notorious B.I.G. Featuring Puff Daddy & Mase,,NOT_FOUND,
Rave With Coco (Mazza Mashup),O.T. Genesis Vs Mike Candys Vs  W&W,,NOT_FOUND,
Wonderwall,Oasis,,NOT_FOUND,
Trouble (Club Mix),OFFAIAH,,NOT_FOUND,
Get Here,Oleta Adams,1991 Top 100,NOT_FOUND,
Melody Vs. No Beef (DJ Moneykey Edit),Oliver Heldens Vs. Afrojack & Steve Aoki,,NOT_FOUND,
Slam,Onyx,,NOT_FOUND,
Donald Trumpet (Original Mix),Orkestrated,,NOT_FOUND,
Million Voices Apologize (SoundMan Quick Hitter),Otto Knows,,NOT_FOUND,
Elevators (Me & You),Outkast,,NOT_FOUND,
Where Are You 2016 (Dj Cosmic Remix),Paffendord,,NOT_FOUND,
Ditty,Paperboy,,NOT_FOUND,
Get Back (Original Mix),"Paris & Simo, Rico & Miella",drunkenbeat.net,NOT_FOUND,
"Paris & Simo, Rico & Miella - Get Back (Original Mix) (drunkenbeat.net)","Paris & Simo, Rico & Miella",drunkenbeat.net,NOT_FOUND,
Sometimes Love Just Ain't  Enough,Patti Smyth And Don Henley,1992 Top 100,NOT_FOUND,
Oh Girl,Paul Young,1990 Top 100,NOT_FOUND,
Opposites Attract,Paula Abdul,1990 Top 100,NOT_FOUND,
The Way That You Love Me,Paula Abdul,1990 Top 100,NOT_FOUND,
Rush Rush,Paula Abdul,,NOT_FOUND,
The Promise Of A New Day,Paula Abdul,,NOT_FOUND,
Blowing Kisses In The Wind,Paula Abdul,,NOT_FOUND,
Where Have All The Cowboys Gone,Paula Cole,,NOT_FOUND,
A Whole New World (Aladin),Peabo Bryson And Regina Belle,,NOT_FOUND,
Passe Moi La Puck (Martell Edit),Peakafeller x Les Colocs x Karim Mika & Ralvero,,NOT_FOUND,
I Got It,Pearl Jam,,NOT_FOUND,
Long Road,Pearl Jam,,NOT_FOUND,
Giving You The Benefit,Pebbles,,NOT_FOUND,
Do You Remember (Live),Phil Collins,1990 Top 100,NOT_FOUND,
I Wish It Would Rain Down,Phil Collins,1990 Top 100,NOT_FOUND,
Something Happened On The Way To Heaven (Live),Phil Collins,1990 Top 100,NOT_FOUND,
Everyday,Phil Collins,,NOT_FOUND,
PPAP Pen Pineappel Appel Pen (Kahikko Remix),Pikotaro,,NOT_FOUND,
Timber,Pit Bull feat. Kesha,,MATCH,/Users/patrickmoniqui/Music/MUSIQUE/Pit Bull feat. Kesha - Timber [mp3clan.com].mp3
3 To Tango - DJcity Hype Edit (Dirty),Pitbull,,MULTIPLE_MATCHES,
Fun (feat. Chris Brown)  (Jump Smokers Remix ),Pitbull,,MATCH,/Users/patrickmoniqui/Music/MUSIQUE/Pitbull-Fun__feat._Chris_Brown_-Jump_Smokers_Remix_-125.mp3
Dark Horse (Remix),Pitbull feat. Katy Perry & Juicy J,,NOT_FOUND,
Go Girl  (Dj Cosmic XTD),Pitbull feat. Trina & Young Boss,,MATCH,/Users/patrickmoniqui/Music/MUSIQUE/Cosmic 4 Pat/Pitbull feat. Trina & Young Boss - Go Girl  (Dj Cosmic XTD).mp3
Set You Free Cage (Remix),Planet Soul,,NOT_FOUND,
Looking Through Patient Eyes,PM Dawn,,NOT_FOUND,
I'd Die Without You,PM Dawn,,NOT_FOUND,
Set Adrift On Memory Bliss,PM Dawn,,NOT_FOUND,
I'd Die Without You,PM Dawn,,NOT_FOUND,
Pointer Sisters - Im so exited,Pointer Sisters,?,MATCH,/Users/patrickmoniqui/Music/MUSIQUE/The Best Of 80's Hits/Pointer Sisters - Im so exited.mp3
Something To Believe In,Poison,1991 Top 100,NOT_FOUND,
Unskinny Bop,Poison,,NOT_FOUND,
Party Shot (Major Lazer & ETC!ETC! Remix),Popcaan,,MATCH,/Users/patrickmoniqui/Music/MUSIQUE/Popcaan_-_Party_Shot__Major_Lazer___ETC_ETC__Remix___FMI_.mp3
Here We Go Again,Portrait,,NOT_FOUND,
I Got A Man,Positive K,,NOT_FOUND,
Thieves In The Temple,Prince,1990 Top 100,NOT_FOUND,
Diamonds And Pearls,Prince,1992 Top 100,NOT_FOUND,
The Most Beautiful Girl In The World,Prince,,NOT_FOUND,
7,Prince,,NOT_FOUND,
Cream,Prince & The NPG,1991 Top 100,NOT_FOUND,
Back It Up (Dave Aude Club Mix),Prince Royce Ft Jennifer Lopez And Pitbull,MyMP3Pool - For Promotional DJ Use Only - Not For Sale,MATCH,/Users/patrickmoniqui/Music/MUSIQUE/Prince Royce Ft Jennifer Lopez And Pitbull - Back It Up (Dave Aude Club Mix).mp3
I'm Gonna Be (500 Miles),Proclaimers,Living in the 90'S - Disk 2,NOT_FOUND,
Walk With Me (Axwell & Dirty South remix),Prok & Fitch present Nanchang Nancy,Sun Factory 11,MATCH,/Users/patrickmoniqui/Music/MUSIQUE/MC Mario/Sun Factory 11/MPEG-4/05. Prok & Fitch present Nanchang Nancy - Walk With Me (Axwell & Dirty South remix).m4a
I'll Be Missing You,Puff Daddy & Faith Evans Featuring 112,,NOT_FOUND,
Can't Nobody Hold Me Down,Puff Daddy And Mace,1997,NOT_FOUND,
Come On Ride The Train,Quad City DJ's,,NOT_FOUND,
Peakafeller x Lester Williams & Matteino (Martell Edit),Quebecois,,NOT_FOUND,
Silent Lucidity,Queensryche,,NOT_FOUND,
I Believe I Can Fly,R Kelly,,NOT_FOUND,
Bump N Grind,R Kelly,,NOT_FOUND,
Your Body's Callin',R Kelly,,NOT_FOUND,
Cant Sleep Baby,R. Kelly,,NOT_FOUND,
Down Low (Nobody Has To Know),R. Kelly,,NOT_FOUND,
You Remind Me Of Something,R. Kelly,,NOT_FOUND,
Like I Love You (Money G Remix),R.I.O.,Like I Love You,NOT_FOUND,
Samurai (Tiesto Remix) www.livingelectro.com,R3hab,,NOT_FOUND,
Flashlight (Dj Cosmic Quick Hitter),R3hab & Deorro,,NOT_FOUND,
Killing In The Name,Rage Against The Machine,Rage Against The Machine - XX (20th Anniversary Special Edition),NOT_FOUND,
Sensitivity,Ralph Tresvant,1991 Top 100,NOT_FOUND,
All I Ask Of You (Higher Learning),Raphael Saadiq,Billboard Hits - 1995 - Disk 5,NOT_FOUND,
Another Night,Real McCoy,,NOT_FOUND,
Run Away,Real McCoy,,NOT_FOUND,
Another Night,Real McCoy,,NOT_FOUND,
Come And Get Your Love,Real McCoy,,NOT_FOUND,
Under The Bridge,Red Hot Chili Peppers,,NOT_FOUND,
Can't Stop - D'Maduro Remix (Dirty),Red Hot Chili Peppers,,MATCH,/Users/patrickmoniqui/Music/MUSIQUE/Red Hot Chili Peppers - Can't Stop - D'Maduro Remix (Dirty).mp3
Bring Out The Bottle,RedFoo (of LMFAO),,MATCH,/Users/patrickmoniqui/Music/MUSIQUE/RedFoo (of LMFAO) - Bring Out The Bottle Lyrics __HQ__.mp3
Cotton Eyed Joe,Rednex,Billboard Hits - 1995 - Disk 6,NOT_FOUND,
Cotton Eye Joe Song,Rednex,,MATCH,/Users/patrickmoniqui/Music/MUSIQUE/Rednex CottonEye Joe Song and Lyrics.mp3
Losing My Religion,REM,1991 Top 100,NOT_FOUND,
Shiny Happy People,REM,1991 Top 100,NOT_FOUND,
Save Your Hearth,Remady ft. Manu L,Summer Session 11,MATCH,/Users/patrickmoniqui/Music/MUSIQUE/Dan Desnoyers/Summer Session 11/05 Save Your Hearth.mp3
When She Cries,Restless Heart,,NOT_FOUND,
P.A.S.S.I.O.N.,Rhythm Syndicate,,NOT_FOUND,
Clothes Off,Ria Mae,,NOT_FOUND,
Take This Heart,Richard Marx,1992 Top 100,NOT_FOUND,
Now And Forever,Richard Marx,,NOT_FOUND,
Hazard,Richard Marx,,NOT_FOUND,
Keep Coming Back,Richard Marx,,NOT_FOUND,
Cry For Help,Rick Astley,1991 Top 100,NOT_FOUND,
Extra Hard,Rico Love feat David Guetta,04-27-10 Promotorrents.Com Hip,MATCH,/Users/patrickmoniqui/Music/MUSIQUE/Extra Hard.mp3
I'm Too Sexy,Right Said Fred,Living in the 90'S - Disk 2,NOT_FOUND,
Turn Me On,Riton & Oliver Heldens ft. Vula,,MATCH,/Users/patrickmoniqui/Music/MUSIQUE/Riton & Oliver Heldens - Turn Me On.mp3
Children,Robert Miles,,NOT_FOUND,
Do You Know (What It Takes),Robyn,,NOT_FOUND,
Downtown Train,Rod Stewart,Downtown Train,NOT_FOUND,
Have I Told You Lately,Rod Stewart,,NOT_FOUND,
Rhythm Of My Heart,Rod Stewart,,NOT_FOUND,
Reason To Believe,Rod Stewart,,NOT_FOUND,
The Motown Song,Rod Stewart And The Temptations,1991 Top 100,NOT_FOUND,
I Belong To You,Rome,1997,NOT_FOUND,
Follow The Sound Vs. Arcade (Preview),Roul & Doors,,NOT_FOUND,
Dangerous,Roxette,Look Sharp!,NOT_FOUND,
It Must Have Been Love,Roxette,1990 Top 100,NOT_FOUND,
Fading Like A Flower (Every Time You Leave Me),Roxette,1991 Top 100,NOT_FOUND,
Joyride,Roxette,,NOT_FOUND,
Everybody Be Somebody feat Yavahn (Lucas & Steve Remix),Ruffneck,,NOT_FOUND,
"Loca People (What the F**k!"")",Sak Noel,"Clubaholics, Vol. 2",NOT_FOUND,
Do You Want Me,Salt N Pepper,1991 Top 100,NOT_FOUND,
Shoop,Salt-N-Pepa,,NOT_FOUND,
Whatta Man,Salt-N-Pepa And EnVogue,,NOT_FOUND,
Put your fuckin hands up acapella,Sample,,NOT_FOUND,
Building A Mystery,Sarah McLachlan,,NOT_FOUND,
I Want You,Savage Garden,,NOT_FOUND,
Drop It (Original Mix)  www.livingelectro.com,SCNDL,,NOT_FOUND,
Otis (Original Mix),SCNDL,,MATCH,/Users/patrickmoniqui/Music/MUSIQUE/SCNDL-Otis (Original Mix) www.mp3c.cc .mp3
Wind Of Change,Scorpions,1991 Top 100,NOT_FOUND,
Kiss From A Rose,Seal,,NOT_FOUND,
Crazy,Seal,,NOT_FOUND,
Prayer For The Dying,Seal,,NOT_FOUND,
Don`t Cry,Seal,,NOT_FOUND,
Beautiful Girls - Robin Roij Remix,Sean Kingston,,MATCH,/Users/patrickmoniqui/Music/MUSIQUE/Sean Kingston - Beautiful Girls - Robin Roij Remix.mp3
Eenie Meenie,Sean Kingston ft. Justin Bieber,,MATCH,/Users/patrickmoniqui/Music/MUSIQUE/Eenie Meenie.mp3
Two To Make It Right,Seduction,,NOT_FOUND,
No Games (D'Maduro Extended Remix),Serani Ft. Melanie Fiona,,NOT_FOUND,
Serato Scratch Sentence,Serato,,NOT_FOUND,
In The Summertime,Shaggy,Billboard Hits - 1995 - Disk 1,NOT_FOUND,
Boombastic,Shaggy,,NOT_FOUND,
It Wasn't Me Vs. Rattle (Moneykey Transition 95-128),Shaggy Vs. Bingo Players,,NOT_FOUND,
If I Ever Fall In Love,Shai,,NOT_FOUND,
Baby I'm Yours,Shai,,NOT_FOUND,
Comforter,Shai,,NOT_FOUND,
Stay,Shakespeare's Sister,,NOT_FOUND,
I Love Your Smile,Shanice,,NOT_FOUND,
Saving Forever For You,Shanice,,NOT_FOUND,
Sunny Came Home,Shawn Colvin,,NOT_FOUND,
Strong Enough To Be My Man,Sheryl Crow,,NOT_FOUND,
All I Wanna Do,Sheryl Crow,,NOT_FOUND,
If It Makes You Happy,Sheryl Crow,,NOT_FOUND,
Everyday Is A Winding Road,Sheryl Crow,,NOT_FOUND,
All I Wanna Do,Sheryl Crow,,NOT_FOUND,
If It Makes You Happy,Sheryl Crow,,NOT_FOUND,
Booyah - Dibs & MGM Day Or Night Bootleg,Showtek,,MATCH,/Users/patrickmoniqui/Music/MUSIQUE/Showtek - Booyah - Dibs & MGM Day Or Night Bootleg.mp3
Slow down (Original Mix),Showtek,,MATCH,/Users/patrickmoniqui/Music/MUSIQUE/Showtek - Slow down (Original Mix).mp3
Get You Home (Party Rock Remix),Shwayze ft LMFAO,,MATCH,/Users/patrickmoniqui/Music/MUSIQUE/Get You Home (Party Rock Remix).mp3
Freak Me,Silk,,NOT_FOUND,
Nothing Compares 2 U,Sinead O'Connor,1990 Top 100,NOT_FOUND,
All For You,Sister Hazel,,NOT_FOUND,
Weak,Sisters With Voices,,NOT_FOUND,
I'm So Into You,Sisters With Voices,,NOT_FOUND,
Right Here,Sisters With Voices,,NOT_FOUND,
Anything,Sisters With Voices,,NOT_FOUND,
I Wish (32 Intro),Skee Lo,Billboard Hits - 1995 - Disk 4,NOT_FOUND,
I Remember You,Skid Row,,NOT_FOUND,
Gin And Juice (Remix),Snoop Doggy Dogg,Doggy Style,NOT_FOUND,
Whats My Name,Snoop Doggy Dogg,,NOT_FOUND,
Informer,Snow,,NOT_FOUND,
My Love Is The Shhhh,Somethin' For The People,1997,NOT_FOUND,
Damn I Wish I Was Your Lover,Sophie B Hawkins,,NOT_FOUND,
As I Lay Me Down,Sophie B Hawkins,,NOT_FOUND,
As I Lay Me Down,Sophie B Hawkins,,NOT_FOUND,
Runaway Train,Soul Asylum,,NOT_FOUND,
Misery,Soul Asylum,,NOT_FOUND,
Candy Rain,Soul For Real,,NOT_FOUND,
Every Little Thing I Do,Soul For Real,,NOT_FOUND,
Back To Life,Soul II Soul And Caron Wheeler,1990 Top 100,NOT_FOUND,
Say You'll Be There,Spice Girls,,NOT_FOUND,
2 Become 1,Spice Girls,,NOT_FOUND,
Two Princes,Spin Doctors,,NOT_FOUND,
Nothing But Love,Spragga Benz Ft. Black Pearl,"Singles Pack ""05/31/2014"" - [www.dancehallzone.net]",NOT_FOUND,
Steve Angello feat. Mako - Children Of The Wild www.livingelectro.com,Steve Angello feat. Mako,,NOT_FOUND,
Turbulence,Steve Aoki & Laidback Luke feat. Lil Jon,,NOT_FOUND,
Because I Love You (Postman Song),Stevie B,Living In The 90's - Disk 2,NOT_FOUND,
Dream About You,Stevie B,,NOT_FOUND,
Funky Melody,Stevie B,,NOT_FOUND,
Fields Of Gold,Sting,1993 Top 100,NOT_FOUND,
All This Time,Sting,,NOT_FOUND,
If I Ever Lose My Faith In You,Sting,,NOT_FOUND,
Show Me The Way,Styx,1991 Top 100,NOT_FOUND,
"Subway, 12 Pouces 5 $ - Musique seulement (Officiel)",Subway,,NOT_FOUND,
This Lil' Game We Play,Subway Featuring 702,Billboard Hits - 1995 - Disk 4,NOT_FOUND,
Robin Schulz (DJ Moneykey Intro Edit),Sugar,,NOT_FOUND,
Feel The Hype (Moneykey Remix 2),Sunshine Base,,NOT_FOUND,
Outta My Head (Dj Cosmic Club Mix),Sunshine Base,,NOT_FOUND,
Feel The Hype (Dj Cosmic Remix) Version 2,Sunshine Base feat. Dj Cosmic,,NOT_FOUND,
Good Time (Olivier Giacomotto Remix) IVAN - [www.FS-Club.net] - [2012],Superskank,,MATCH,/Users/patrickmoniqui/Music/MUSIQUE/Superskank – Good Time (Olivier Giacomotto Remix).mp3
The First Time,Surface,1991 Top 100,NOT_FOUND,
Tom's Diner,Suzanne Vega & DNA,,NOT_FOUND,
Miami 2 Ibiza,Swedish House Mafia ft. Tinie Tempah,Summer Session 11,MATCH,/Users/patrickmoniqui/Music/MUSIQUE/Dan Desnoyers/Summer Session 11/09 Miami 2 Ibiza.mp3
If Wishes Came True,Sweet Sensation,,NOT_FOUND,
You're The One (Allstar Rap Remix),SWV & 96 Anthem,,NOT_FOUND,
Sunshine (Dj Cosmic XTD),T.O.K,,NOT_FOUND,
Whoomp! There It Is,Tag Team,,NOT_FOUND,
Whoomp! There It Is,Tag Team,,NOT_FOUND,
Back For Good,Take That,,NOT_FOUND,
Back For Good,Take That,,NOT_FOUND,
Hold You Tight,Tara Kemp,Living In The 90's - Disk 2,NOT_FOUND,
Piece Of My Heart,Tara Kemp,,NOT_FOUND,
I'll Be Your Shelter,Taylor Dayne,Can't Fight Fate,NOT_FOUND,
With Every Beat Of My Heart,Taylor Dayne,1990 Top 100,NOT_FOUND,
Love WIll Lead You Back,Taylor Dayne,,NOT_FOUND,
Can't Get Enough Of Your Love,Taylor Dayne,,NOT_FOUND,
Break It Down Again,Tears For Fears,,NOT_FOUND,
Pump Up the Jam,Technotronic,,NOT_FOUND,
Move This,Technotronic,,NOT_FOUND,
Get Up (Before The Night Is Over),Technotronic,,NOT_FOUND,
Love Song,Tesla,,NOT_FOUND,
Signs (Live),Tesla,,NOT_FOUND,
Tell Me What You Want Me To Do,Tevin Campbell,,NOT_FOUND,
Can We Talk,Tevin Campbell,,NOT_FOUND,
I'm Ready,Tevin Campbell,,NOT_FOUND,
Round And Round,Tevin Campbell,,NOT_FOUND,
Always In My Heart,Tevin Campbell,,NOT_FOUND,
Love Shack (Edit) (2019 Remaster),The B-52's,Cosmic Thing,NOT_FOUND,
Closer - Jauz Remix,The Chainsmokers ft. Halsey,,MATCH,/Users/patrickmoniqui/Music/MUSIQUE/The Chainsmokers - Closer - Jauz Remix.mp3
Zombie (Remastered 2020),The Cranberries,BONUS,NOT_FOUND,
Mawby (The Cube Guys Mix),"The Cube Guys, Miami Dub Machine",zippyclan.com,MATCH,"/Users/patrickmoniqui/Music/MUSIQUE/The Cube Guys, Miami Dub Machine - Mawby (The Cube Guys Mix).mp3"
How Do You Talk To An Angel,The Heights,Living in the 90'S - Disk 2,NOT_FOUND,
How Do You Talk To An Angel,The Heights,Living in the 90'S - Disk 2,NOT_FOUND,
I'm On A Boat,The Lonely Island ft. T-Pain,,MATCH,/Users/patrickmoniqui/Music/MUSIQUE/I'm On A Boat.mp3
One More Chance-Stay With Me,The Notorious B.I.G.,Billboard Hits - 1995 - Disk 2,NOT_FOUND,
Warning,The Notorious B.I.G.,Ready To Die,NOT_FOUND,
I'll Stand By You,The Pretenders,Billboard Hits - 1995 - Disk 6,NOT_FOUND,
Nervous Breakdown,The Shrink Reloaded ft. Mc Pryme,Summer Session 11,MATCH,/Users/patrickmoniqui/Music/MUSIQUE/Dan Desnoyers/Summer Session 11/16 Nervous Breakdown.mp3
1979,The Smashing Pumpkins,,NOT_FOUND,
Nobody Knows,The Tony Rich Project,,NOT_FOUND,
The Freshmen,The Verve Pipe,,NOT_FOUND,
Can't Feel My Face (ELIAS Remix) [DJ Moneykey Edit],The Weeknd,,NOT_FOUND,
Semi-Charmed Life,Third Eye Blind,,NOT_FOUND,
Blurred Lines (Komes Remix) www.livingelectro.com,TI & Pharell,,MATCH,/Users/patrickmoniqui/Music/MUSIQUE/TI & Pharell - Blurred Lines (Komes Remix) www.livingelectro.com.mp3
Wasted (R3hab Remix),Tiesto Feat. Matthew Koma,,NOT_FOUND,
Secrets (SoundMan Quick Hitter),Tiesto KSHMR Ft Vassy,,NOT_FOUND,
Tiësto vs. TRJ & Vinai - Lethal Industry vs. Bounce Generation (Hardwell Mashup),Tiësto vs. TRJ & Vinai,,NOT_FOUND,
Don't Take The Girl,Tim McGraw,,NOT_FOUND,
Indian Outlaw,Tim McGraw,,NOT_FOUND,
It's Your Love,Tim McGraw & Faith Hill,1997,NOT_FOUND,
Jerk Out,Time,1990 Top 100,NOT_FOUND,
One More Try,Timmy T,1991 Top 100,NOT_FOUND,
Freaks (W&W Bigroom Edit)www.livingelectro.com,Timmy Trumpet,,NOT_FOUND,
I Don't Wanna Fight,Tina Turner,,NOT_FOUND,
How Ya Feelin (Original Mix),TJR,,NOT_FOUND,
TJR - How Ya Feelin (Original Mix) www.livingelectro.com,TJR,,NOT_FOUND,
TJR - How Ya Feelin (Original Mix) www.livingelectro.com,TJR,,NOT_FOUND,
Turn The Bass Up (Original Mix)www.livingelectro.com,TJR,,NOT_FOUND,
Turn The Bass Up (Original Mix)www.livingelectro.com,TJR,,NOT_FOUND,
Bounce Generation (Moneykey Edit),TJR & VINAI,,NOT_FOUND,
Bounce Generation (SCNDL Remix),TJR & VINAI,URBANMUSiCDAiLY.NET,MATCH,/Users/patrickmoniqui/Music/MUSIQUE/TJR & VINAI - Bounce Generation (SCNDL Remix).mp3
Waterfalls,TLC,,NOT_FOUND,
Creep,TLC,,NOT_FOUND,
Baby Baby Baby,TLC,,NOT_FOUND,
Red Light Special,TLC,,NOT_FOUND,
Ain't 2 Proud 2 Beg,TLC,,NOT_FOUND,
Diggin' On You,TLC,,NOT_FOUND,
What About Your Friends,TLC,,NOT_FOUND,
What About Your Friends,TLC,,NOT_FOUND,
All I Want,Toad The Wet Sprocket,,NOT_FOUND,
Life Is A Highway,Tom Cochrane,Living in the 90'S -- Disk 1,NOT_FOUND,
You Don't Know How It Feels,Tom Petty,,NOT_FOUND,
Free Fallin',Tom Petty,,NOT_FOUND,
Mary Jane's Last Dance,Tom Petty,,NOT_FOUND,
Brick By Brick,Tommie Sunshine & Breikthru,,MATCH,/Users/patrickmoniqui/Music/MUSIQUE/Tommie Sunshine & Breikthru - Brick By Brick.mp3
I'll Be Your Everything,Tommy Page,,NOT_FOUND,
Let It Flow,Toni Braxton,Secrets,NOT_FOUND,
I Love Me Some Him,Toni Braxton,Secrets,NOT_FOUND,
I Don't Want To,Toni Braxton,1997,NOT_FOUND,
Unbreak My Heart,Toni Braxton,,NOT_FOUND,
Breathe Again,Toni Braxton,,NOT_FOUND,
You're Making Me High,Toni Braxton,,NOT_FOUND,
You Mean The World To Me,Toni Braxton,,NOT_FOUND,
Another Sad Love Song,Toni Braxton,,NOT_FOUND,
Unbreak My Heart,Toni Braxton,,NOT_FOUND,
If I Had No Loot,Tony Toni Tone,,NOT_FOUND,
Anniversary,Tony Toni Tone,,NOT_FOUND,
Kissin' You,Total,,NOT_FOUND,
No One Else,Total & Foxy Brown Lil' Kim,,NOT_FOUND,
Can't You See (New Jersey Drive),Total Featuring The Notorious B.I.G.,Billboard Hits - 1995 - Disk 4,NOT_FOUND,
Peakafeller x Gerry Boulet x Wolfpack & Warp Brothers,Toujours Vivant (Martell Edit),,NOT_FOUND,
This House,Tracie Spencer,1991 Top 100,NOT_FOUND,
Give Me One Reason,Tracy Chapman,,NOT_FOUND,
Billionaire,Travie McCoy,,MATCH,/Users/patrickmoniqui/Music/MUSIQUE/Billionaire.mp3
All Night (Original Mix),Tujamo & Jacob Plant,,NOT_FOUND,
Mister Calabria (Dj Cosmic Bootleg),Tujamo vs. Enur,,NOT_FOUND,
Girls Nite Out,Tyler Collins,1990 Top 100,NOT_FOUND,
Mysterious Ways,U2,,NOT_FOUND,
One,U2,,NOT_FOUND,
"Hold Me, Thrill Me, Kiss Me, Kill Me",U2,,NOT_FOUND,
The Way You Do The Things You Do,UB40,1991 Top 100,NOT_FOUND,
Here I Am (Come and Take Me),UB40,1991 Top 100,NOT_FOUND,
Can't Help Falling In Love,UB40,,NOT_FOUND,
Cat's In The Cradle,Ugly Kid Joe,,NOT_FOUND,
I Hate Everything About You,Ugly Kid Joe,,NOT_FOUND,
Cheezin' (Original Mix) www.livingelectro.com,"UMEK, Waka Flocka",Cheezin',MATCH,"/Users/patrickmoniqui/Music/MUSIQUE/UMEK, Waka Flocka - Cheezin' (Original Mix) www.livingelectro.com.mp3"
Revolution (Dj Cosmic Quick Hitter),Ummet Ozcan & R3hab feat. NERVO,,NOT_FOUND,
Cantaloop (Flip Fantasia),US3,Living in the 90'S - Disk 2,NOT_FOUND,
You Make Me Wanna,Usher,,NOT_FOUND,
OMG,Usher ft. Will I. Am,Raymond vs Raymond,MATCH,/Users/patrickmoniqui/Music/MUSIQUE/OMG.mp3
Can't Stop Lovin' You,Van Halen,,NOT_FOUND,
The Hustle,Van McCoy,,MATCH,/Users/patrickmoniqui/Music/MUSIQUE/Disco Hits/Van McCoy - The Hustle.mp3
Save The Best For Last,Vanessa Williams,,NOT_FOUND,
Colors Of The Wind,Vanessa Williams,,NOT_FOUND,
The Sweetest Days,Vanessa Williams,,NOT_FOUND,
Love Is,Vanessa Williams And Brian McKnight,,NOT_FOUND,
"Ice, Ice Baby",Vanilla Ice,1990 Top 100,NOT_FOUND,
Play That Funky Music,Vanilla Ice,1991 Top 100,NOT_FOUND,
Give Me Everything,Various Artists,RnB Seductions,NOT_FOUND,
Moon Rising,Various Artists,Rock Mix Clasico,NOT_FOUND,
Village People - YMCA (Disco Oldies),Village People,?,MATCH,/Users/patrickmoniqui/Music/MUSIQUE/The Best Of 80's Hits/Village People - YMCA (Disco Oldies).mp3
Techno (Original Mix) [www.livingelectro.com],VINAI,,NOT_FOUND,
VINAI - Legend (Original Mix)www.livingelectro.com,VINAI,,NOT_FOUND,
(MASTER) Vito V RMX Contest,Vito V & Kay,,NOT_FOUND,
Shake It In Limbo (Dj Cosmic XTD Mix),Voicemail & Beenie Man,,NOT_FOUND,
Boom 2 Club (Dj Cos,Vybrate,,NOT_FOUND,
Summertime,Vybz Kartel,,NOT_FOUND,
Vybz Kartel - Summertime (from WWW.DEEZER.LINK),Vybz Kartel,,NOT_FOUND,
We Control The Sound (Original Mix),W&W & Headhunterz,,NOT_FOUND,
Tell Har Fi Move,Ward 21 (Suku),"Singles Pack ""05/31/2014"" - [www.dancehallzone.net]",NOT_FOUND,
I Saw Red,Warrant,,NOT_FOUND,
This DJ,Warren G,,NOT_FOUND,
Regulate,Warren G And Nate Dog,,NOT_FOUND,
Can't Feel My Face (SoundMan Club Hitter),The Weekend,,NOT_FOUND,
I Believe In You And Me,Whitney Houston,1997,NOT_FOUND,
I Will Always Love You,Whitney Houston,,NOT_FOUND,
Exhale,Whitney Houston,,NOT_FOUND,
All The Man That I Need,Whitney Houston,,NOT_FOUND,
I Have Nothing,Whitney Houston,,NOT_FOUND,
I'm Every Woman,Whitney Houston,,NOT_FOUND,
I'm Your Baby Tonight,Whitney Houston,,NOT_FOUND,
Count On Me (From Waiting To Exhale),Whitney Houston & Ce Ce Winans,,NOT_FOUND,
Will Sparks - Flutatious (Original Mix) (drunkenbeat.net),Will Sparks,drunkenbeat.net,NOT_FOUND,
I'm Not In Love,Will To Power,1991 Top 100,NOT_FOUND,
Scream & Shout (Reidiculous Remix) COSMIC CLEAN,Will.i.am feat. Britney Spears,,NOT_FOUND,
Baila (Cosmic French XTD),Willy William & Lyloo,,NOT_FOUND,
Release Me,Wilson Phillips,Wilson Phillips,NOT_FOUND,
Hold On,Wilson Phillips,1990 Top 100,NOT_FOUND,
You're In Love,Wilson Phillips,1991 Top 100,NOT_FOUND,
Impulsive,Wilson Phillips,1991 Top 100,NOT_FOUND,
Miles Away,Winger,1991 Top 100,NOT_FOUND,
Wiz Khalifa feat. Charlie Puth - See You Again (Ale Mora Remix),Wiz Khalifa feat. Charlie Puth,,NOT_FOUND,
We Dem Boyz (Hol' Up) Remix (Intro - Clean),"Wiz Khalifa ft. Puff Daddy, Meek Mill, French Montana, & T.I.",,MATCH,/Users/patrickmoniqui/Music/MUSIQUE/Wiz Khalifa - We Dem Boyz (Hol' Up) Remix (Intro - Clean).mp3
Rump Shaker,Wreckx-N-Effect,,NOT_FOUND,
Calvin Harris - Open Wide feat Big Sean (DJ SoundMan Quick Hitter),www.DJSOUNDMAN.com,,NOT_FOUND,
Run It- - www.KrazyWAP.MoBi,- www.KrazyWap.MoBi,Chris Brown - www.KrazyWap.MoBi,MATCH,/Users/patrickmoniqui/Music/MUSIQUE/Run It-(www.krazywap.mobi).mp3
Ludacris - Move Bitch,www.Pressplay.to,DJ SIESTO - Big Old But Gold-www.Pressplay.to,NOT_FOUND,
Just Kickin It,Xscape,,NOT_FOUND,
Understanding,Xscape,,NOT_FOUND,
Just Kickin It,Xscape,,NOT_FOUND,
Heads Will Roll (SoundMan Quick Hitter),Yeah Yeah Yeahs,,NOT_FOUND,
7 Seconds ft. Neneh Cherry,Youssou N'Dour,,NOT_FOUND,
I Want You to Know (feat. Selena Gomez) - ACAPELLA,Zedd,,NOT_FOUND,
I Want You to Know (feat. Selena Gomez) - ACAPELLA,Zedd,,NOT_FOUND,
Want You to Know (SoundMan Club Hitter),Zedd ft Selena Gomez,,NOT_FOUND,
Hey Mr DJ,Zhane,,NOT_FOUND,
Groove Thang,Zhane,,NOT_FOUND,
Faded  (The Magician Remix ),ZHU,,MATCH,/Users/patrickmoniqui/Music/MUSIQUE/ZHU-Faded-The_Magician_Remix_-125.mp3
Release Me (TV Rock Club Edit),Zoe Badwi,,MULTIPLE_MATCHES,
Humble Invades (Moneykey Bootleg),Zomboy Vs Kendrick Lamar,,NOT_FOUND,
Old School,2Pac,Me Against The World,NOT_FOUND,
How Do You Want It,2Pac,,NOT_FOUND,
I Get Around,2Pac,,NOT_FOUND,
My First Kiss,3OH!3 Feat. Ke$ha,Streets of Gold,MATCH,/Users/patrickmoniqui/Music/MUSIQUE/My First Kiss.mp3
Anything,3T,,NOT_FOUND,
What's Up,4 Non-Blondes,"Bigger, Better, Faster, More!",NOT_FOUND,
Sukiyaki,4 PM,Now's the Time,NOT_FOUND,
PLG**,5SANG14,,MATCH,/Users/patrickmoniqui/Music/MUSIQUE/5SANG14 - PLG [Clip Officiel].mp3
Because The Night,"10,000 Maniacs",,NOT_FOUND,
Short Dick Man,20 Fingers,Billboard Hits - 1995 - Disk 5,NOT_FOUND,
Tootsie Roll,69 Boyz,Billboard Hits - 1995 - Disk 4,NOT_FOUND,
Tootsee Roll,69 Boyz,,NOT_FOUND,
"Whoot, There It Is",95 South,,NOT_FOUND,
Invisible Man,98 Degrees,,NOT_FOUND,
Cupid,112,1997,NOT_FOUND,
Only You,112,,NOT_FOUND,
Get It Together,702,1997,NOT_FOUND,
Freestyle 3,?,Freestyle 3,NOT_FOUND,
